时间戳,振动信号1,振动信号2,温度,转速,寿命百分比
0,0.3791878891550064,0.49597018532216747,25.0,1500.0,100.0
10,0.5122412391963737,0.7759772116873492,25.055055055055057,1500.3003003003003,99.89989989989989
20,0.7042373875125597,0.7246469811291405,25.11011011011011,1500.6006006006005,99.7997997997998
30,0.44386782155890864,0.6976333883379306,25.165165165165167,1500.900900900901,99.69969969969969
40,0.49405067362259497,0.6119053995359273,25.22022022022022,1501.2012012012012,99.5995995995996
50,0.6104384362333084,0.4800371387237202,25.275275275275277,1501.5015015015015,99.49949949949949
60,0.483730700291776,0.5692490734410396,25.33033033033033,1501.8018018018017,99.3993993993994
70,0.6569070776589115,0.8890882199167005,25.385385385385387,1502.1021021021022,99.29929929929929
80,0.5082808791397443,0.6604722742965011,25.44044044044044,1502.4024024024025,99.1991991991992
90,0.32809867416736954,0.6358270515722783,25.495495495495497,1502.7027027027027,99.09909909909909
100,0.38471179777176756,0.5636502705907336,25.55055055055055,1503.003003003003,98.998998998999
110,0.6838149651456531,0.4941198798357618,25.605605605605607,1503.3033033033032,98.89889889889889
120,0.575085010780666,0.41775428261937475,25.66066066066066,1503.6036036036037,98.7987987987988
130,0.6480270854016039,0.7226501048547003,25.715715715715717,1503.903903903904,98.69869869869869
140,0.3821992668238054,0.6364333930839342,25.77077077077077,1504.2042042042042,98.5985985985986
150,0.2873725127269898,0.8359877834936058,25.825825825825827,1504.5045045045044,98.49849849849849
160,0.6060629762476029,0.6255207213934302,25.88088088088088,1504.804804804805,98.3983983983984
170,0.46332416896634876,0.6229093168909356,25.935935935935937,1505.1051051051052,98.29829829829829
180,0.6148109188830087,0.6545309565026234,25.99099099099099,1505.4054054054054,98.1981981981982
190,0.41871032253815177,0.6165314870460942,26.046046046046047,1505.7057057057057,98.09809809809809
200,0.3778321615759137,0.5209067881320638,26.1011011011011,1506.006006006006,97.997997997998
210,0.4996232202779724,0.5350433939668044,26.156156156156158,1506.3063063063064,97.89789789789789
220,0.6943889367506704,0.48137171022947645,26.21121121121121,1506.6066066066066,97.7977977977978
230,0.46129351283990444,0.6110795632101601,26.266266266266268,1506.906906906907,97.69769769769769
240,0.46721127486731195,0.6514239611856816,26.32132132132132,1507.2072072072071,97.5975975975976
250,0.7318959050530598,0.8444639372541843,26.376376376376378,1507.5075075075074,97.49749749749749
260,0.5193704222245252,0.7540471910500832,26.43143143143143,1507.8078078078079,97.3973973973974
270,0.6915169140256396,0.637190012971912,26.486486486486488,1508.1081081081081,97.29729729729729
280,0.6253310542704748,0.6427275926172518,26.54154154154154,1508.4084084084084,97.1971971971972
290,0.29177279735415107,0.5184007476726875,26.596596596596598,1508.7087087087086,97.09709709709709
300,0.5940302240990544,0.48977689651983664,26.65165165165165,1509.009009009009,96.996996996997
310,0.35818188334679313,0.6243669221094454,26.706706706706708,1509.3093093093094,96.89689689689689
320,0.6034063910544888,0.5738332230605555,26.76176176176176,1509.6096096096096,96.7967967967968
330,0.45402944486544194,0.5449243871668602,26.816816816816818,1509.9099099099099,96.69669669669669
340,0.5422736979390226,0.7232332837948858,26.87187187187187,1510.21021021021,96.5965965965966
350,0.6239885159477032,0.7139743858594603,26.926926926926928,1510.5105105105106,96.49649649649649
360,0.2802205555036704,0.5265066456755171,26.98198198198198,1510.8108108108108,96.3963963963964
370,0.6072912859398927,0.5244597617824064,27.037037037037038,1511.111111111111,96.29629629629629
380,0.6299269966185894,0.659624079081166,27.09209209209209,1511.4114114114113,96.1961961961962
390,0.47033488210330726,0.7183989997855532,27.147147147147148,1511.7117117117118,96.09609609609609
400,0.5262606599341205,0.4851171170315092,27.2022022022022,1512.012012012012,95.995995995996
410,0.5995092422757573,0.7800087933114812,27.25725725725726,1512.3123123123123,95.89589589589589
420,0.4387019999723574,0.5921919611933453,27.31231231231231,1512.6126126126126,95.7957957957958
430,0.4223354626925989,0.6272463304746165,27.36736736736737,1512.9129129129128,95.69569569569569
440,0.4866540771550088,0.6681203458775178,27.42242242242242,1513.2132132132133,95.5955955955956
450,0.4391946065829978,0.7620792693722889,27.47747747747748,1513.5135135135135,95.49549549549549
460,0.48535378891870257,0.4829061687338685,27.53253253253253,1513.8138138138138,95.3953953953954
470,0.6113738122690707,0.6303878811901715,27.58758758758759,1514.114114114114,95.29529529529529
480,0.661267058747231,0.5697117682316557,27.64264264264264,1514.4144144144145,95.1951951951952
490,0.5360426346564815,0.6808337182915327,27.6976976976977,1514.7147147147148,95.09509509509509
500,0.4459344129722312,0.5738641821307477,27.75275275275275,1515.015015015015,94.994994994995
510,0.707353191755961,0.6903383842702422,27.80780780780781,1515.3153153153153,94.89489489489489
520,0.5639604048205376,0.6058559654389549,27.862862862862862,1515.6156156156155,94.7947947947948
530,0.41442856669616057,0.5858559166916874,27.91791791791792,1515.915915915916,94.69469469469469
540,0.5562659073365877,0.5777055348226152,27.972972972972972,1516.2162162162163,94.5945945945946
550,0.41614036591036546,0.6903184004157705,28.02802802802803,1516.5165165165165,94.49449449449449
560,0.5317215418307067,0.4831987896925976,28.083083083083082,1516.8168168168168,94.3943943943944
570,0.4513454019056218,0.5221991695683857,28.13813813813814,1517.1171171171172,94.29429429429429
580,0.5915462018802553,0.5879037332384159,28.193193193193192,1517.4174174174175,94.1941941941942
590,0.534633302804425,0.5771976117268165,28.24824824824825,1517.7177177177177,94.09409409409409
600,0.35765420426388034,0.6574588640312498,28.303303303303302,1518.018018018018,93.993993993994
610,0.5555192238691424,0.5306663884148201,28.35835835835836,1518.3183183183182,93.89389389389389
620,0.5589110986839073,0.5736863647478103,28.413413413413412,1518.6186186186187,93.7937937937938
630,0.6929030218141023,0.6256022691174227,28.46846846846847,1518.918918918919,93.69369369369369
640,0.4489819207494017,0.4873429307213089,28.523523523523522,1519.2192192192192,93.5935935935936
650,0.6017220456421021,0.5807618258363298,28.57857857857858,1519.5195195195195,93.49349349349349
660,0.4486963344151994,0.4495428696370562,28.633633633633632,1519.8198198198197,93.3933933933934
670,0.5319526942682794,0.5996778697222281,28.68868868868869,1520.1201201201202,93.29329329329329
680,0.5522753908515154,0.5038863670667044,28.743743743743742,1520.4204204204204,93.1931931931932
690,0.536680023483381,0.710767385741564,28.7987987987988,1520.7207207207207,93.09309309309309
700,0.5339508260611574,0.6075616030575732,28.853853853853852,1521.021021021021,92.992992992993
710,0.5542446702912461,0.5938994383117627,28.90890890890891,1521.3213213213214,92.89289289289289
720,0.4291256994222862,0.5229041321834265,28.963963963963963,1521.6216216216217,92.7927927927928
730,0.5630418512640316,0.6840494222002003,29.01901901901902,1521.921921921922,92.69269269269269
740,0.5664305939175185,0.5153958282812323,29.074074074074076,1522.2222222222222,92.5925925925926
750,0.4087807030032814,0.6524607602991152,29.12912912912913,1522.5225225225224,92.49249249249249
760,0.43954204339803465,0.4879408792808811,29.184184184184183,1522.822822822823,92.3923923923924
770,0.5919931349533128,0.7249842057734921,29.23923923923924,1523.1231231231232,92.29229229229229
780,0.59502698323364,0.6353548415177477,29.294294294294296,1523.4234234234234,92.1921921921922
790,0.47457145405898893,0.7637567597383952,29.34934934934935,1523.7237237237237,92.09209209209209
800,0.3907497572167291,0.6149283226123352,29.404404404404403,1524.0240240240241,91.991991991992
810,0.3998903216436659,0.8271853365683349,29.45945945945946,1524.3243243243244,91.89189189189189
820,0.5766777057017811,0.41543575408234124,29.514514514514516,1524.6246246246246,91.7917917917918
830,0.543631575648109,0.7565977999508565,29.56956956956957,1524.9249249249249,91.69169169169169
840,0.30037580462734714,0.5020263373478582,29.624624624624623,1525.2252252252251,91.5915915915916
850,0.5232763608838892,0.6582145779356102,29.67967967967968,1525.5255255255256,91.49149149149149
860,0.48116426165928244,0.7000180706969057,29.734734734734737,1525.8258258258259,91.3913913913914
870,0.5004341230766222,0.6438972269932448,29.78978978978979,1526.126126126126,91.29129129129129
880,0.7129988493233735,0.5649671416364931,29.844844844844843,1526.4264264264264,91.1911911911912
890,0.5808049675366864,0.5429439424525824,29.8998998998999,1526.7267267267268,91.09109109109109
900,0.6842895071344368,0.8129564904686315,29.954954954954957,1527.027027027027,90.990990990991
910,0.49898792633005556,0.6642084962563389,30.01001001001001,1527.3273273273273,90.89089089089089
920,0.518978531044689,0.4216606018830692,30.065065065065063,1527.6276276276276,90.7907907907908
930,0.5784593599520536,0.637438293413771,30.12012012012012,1527.9279279279278,90.69069069069069
940,0.4736260558187221,0.6385123220200931,30.175175175175177,1528.2282282282283,90.5905905905906
950,0.6335235208493353,0.5773235331072388,30.23023023023023,1528.5285285285286,90.49049049049049
960,0.6858755750830638,0.7743776294161846,30.285285285285283,1528.8288288288288,90.3903903903904
970,0.5596344849209275,0.607230493804408,30.34034034034034,1529.129129129129,90.29029029029029
980,0.6356353418003429,0.6063766349523791,30.395395395395397,1529.4294294294293,90.1901901901902
990,0.6212078723312146,0.4135802932964163,30.45045045045045,1529.7297297297298,90.09009009009009
1000,0.3586215033511688,0.666429984862366,30.505505505505504,1530.03003003003,89.98998998999
1010,0.6076482232026444,0.6842841442204621,30.56056056056056,1530.3303303303303,89.88988988988989
1020,0.4014073851432589,0.6986834347639169,30.615615615615617,1530.6306306306305,89.7897897897898
1030,0.4134163191606209,0.42120479778084924,30.67067067067067,1530.930930930931,89.68968968968969
1040,0.6449092747984216,0.5993878229384245,30.725725725725724,1531.2312312312313,89.5895895895896
1050,0.5756448607313177,0.752921325372764,30.78078078078078,1531.5315315315315,89.48948948948949
1060,0.4357445476307204,0.4727067519018002,30.835835835835837,1531.8318318318318,89.3893893893894
1070,0.5626932705655844,0.5815870234756102,30.89089089089089,1532.132132132132,89.28928928928929
1080,0.5143444670184417,0.510136839674807,30.945945945945947,1532.4324324324325,89.1891891891892
1090,0.6268211749251108,0.6382656861752257,31.001001001001,1532.7327327327328,89.08908908908909
1100,0.4203375860331496,0.638033761948033,31.056056056056057,1533.033033033033,88.988988988989
1110,0.7506785686906055,0.5565319142261066,31.11111111111111,1533.3333333333333,88.88888888888889
1120,0.5248375640399292,0.6849282636884351,31.166166166166168,1533.6336336336337,88.78878878878879
1130,0.552303971414669,0.5442497544768833,31.22122122122122,1533.933933933934,88.68868868868869
1140,0.5306475673476465,0.5843287461541425,31.276276276276278,1534.2342342342342,88.58858858858859
1150,0.3533199082916354,0.628360458428281,31.33133133133133,1534.5345345345345,88.48848848848849
1160,0.49971139853698976,0.6572194383893776,31.386386386386388,1534.8348348348347,88.38838838838839
1170,0.6604527367776203,0.5231827893684947,31.44144144144144,1535.1351351351352,88.28828828828829
1180,0.27216006003294657,0.6240365788659279,31.496496496496498,1535.4354354354355,88.18818818818819
1190,0.34522130715274646,0.5946759266661741,31.55155155155155,1535.7357357357357,88.08808808808809
1200,0.4133077106627757,0.6759068867729466,31.606606606606608,1536.036036036036,87.98798798798799
1210,0.5052053094211691,0.5731102946217383,31.66166166166166,1536.3363363363364,87.88788788788789
1220,0.5841093972313728,0.7675036942411254,31.716716716716718,1536.6366366366367,87.78778778778779
1230,0.31038785823896203,0.46166309408246686,31.77177177177177,1536.936936936937,87.68768768768768
1240,0.44252040479483157,0.5473231610248644,31.826826826826828,1537.2372372372372,87.58758758758759
1250,0.5265542249399927,0.824763575468375,31.88188188188188,1537.5375375375374,87.48748748748748
1260,0.4137913792317718,0.635315966282958,31.936936936936938,1537.837837837838,87.38738738738739
1270,0.6134233079700001,0.491018944299305,31.99199199199199,1538.1381381381382,87.28728728728728
1280,0.4960670407751791,0.6124828334592219,32.047047047047045,1538.4384384384384,87.18718718718719
1290,0.45764905598270367,0.7285613189876299,32.1021021021021,1538.7387387387387,87.08708708708708
1300,0.681101965578135,0.6342382137775598,32.15715715715716,1539.039039039039,86.98698698698699
1310,0.35698832724033747,0.8381316668121997,32.212212212212215,1539.3393393393394,86.88688688688688
1320,0.5242783024363141,0.5599349917199116,32.267267267267265,1539.6396396396397,86.78678678678679
1330,0.47541894719853905,0.49299003957506443,32.32232232232232,1539.93993993994,86.68668668668668
1340,0.5663516335360446,0.5965836357681311,32.37737737737738,1540.2402402402402,86.58658658658659
1350,0.532735118030502,0.43916509674577864,32.432432432432435,1540.5405405405406,86.48648648648648
1360,0.7366785233157974,0.4563511542638917,32.487487487487485,1540.8408408408409,86.38638638638639
1370,0.5420800519831345,0.5293022093910605,32.54254254254254,1541.1411411411411,86.28628628628628
1380,0.29590078584556756,0.510933329173507,32.5975975975976,1541.4414414414414,86.18618618618619
1390,0.40621743635328605,0.7839802249394398,32.652652652652655,1541.7417417417416,86.08608608608608
1400,0.4324208819502191,0.8132667226640328,32.707707707707705,1542.042042042042,85.98598598598599
1410,0.475015571238295,0.5866992810561711,32.76276276276276,1542.3423423423424,85.88588588588588
1420,0.7211316446683359,0.6914493174290082,32.81781781781782,1542.6426426426426,85.78578578578579
1430,0.59282290074086,0.5905076337627071,32.872872872872875,1542.9429429429429,85.68568568568568
1440,0.4736595225716707,0.5979965712928454,32.927927927927925,1543.2432432432433,85.58558558558559
1450,0.2230413767369065,0.6653999730728666,32.98298298298298,1543.5435435435436,85.48548548548548
1460,0.4211874538251489,0.5375321406623991,33.03803803803804,1543.8438438438438,85.38538538538539
1470,0.4964927111261928,0.4747659505792753,33.093093093093096,1544.144144144144,85.28528528528528
1480,0.7097421233750785,0.6219757508223602,33.14814814814815,1544.4444444444443,85.18518518518519
1490,0.36923410151395064,0.6153802070753209,33.2032032032032,1544.7447447447448,85.08508508508508
1500,0.4099828944819016,0.4460974294323436,33.25825825825826,1545.045045045045,84.98498498498498
1510,0.3777226315835245,0.43976759283053835,33.313313313313316,1545.3453453453453,84.88488488488488
1520,0.5698466965833974,0.6085556995285553,33.368368368368365,1545.6456456456456,84.78478478478479
1530,0.5542819238787399,0.6335427909502254,33.42342342342342,1545.945945945946,84.68468468468468
1540,0.4683797372856825,0.4786480060213297,33.47847847847848,1546.2462462462463,84.58458458458458
1550,0.5407283782969252,0.5666314558825661,33.533533533533536,1546.5465465465466,84.48448448448448
1560,0.37412776354075705,0.6394673127801549,33.58858858858859,1546.8468468468468,84.38438438438439
1570,0.5142208412904731,0.7634563494613812,33.64364364364364,1547.147147147147,84.28428428428428
1580,0.4328907598774509,0.4125601075621229,33.6986986986987,1547.4474474474475,84.18418418418418
1590,0.44594435299634094,0.6702313838453546,33.753753753753756,1547.7477477477478,84.08408408408408
1600,0.6103802347776416,0.41942521263195354,33.808808808808806,1548.048048048048,83.98398398398399
1610,0.6210128035652934,0.6306149227438446,33.86386386386386,1548.3483483483483,83.88388388388388
1620,0.6376080690005598,0.5174236900839639,33.91891891891892,1548.6486486486488,83.78378378378378
1630,0.47864496670027806,0.6208219317327089,33.973973973973976,1548.948948948949,83.68368368368368
1640,0.5812247745605723,0.49323679401333703,34.02902902902903,1549.2492492492493,83.58358358358359
1650,0.5709421647188525,0.7549804429956137,34.08408408408408,1549.5495495495495,83.48348348348348
1660,0.3727633746464969,0.7615722705664187,34.13913913913914,1549.8498498498498,83.38338338338338
1670,0.4718065889992227,0.6321102201305208,34.194194194194196,1550.1501501501502,83.28328328328328
1680,0.5370566699339931,0.5442973053485175,34.249249249249246,1550.4504504504505,83.18318318318319
1690,0.34865207207153087,0.6549218718670883,34.3043043043043,1550.7507507507507,83.08308308308308
1700,0.6262183618746758,0.6740094182591428,34.35935935935936,1551.051051051051,82.98298298298297
1710,0.5701425048693216,0.6199170395281496,34.414414414414416,1551.3513513513512,82.88288288288288
1720,0.4908797987989381,0.6376004062123837,34.46946946946947,1551.6516516516517,82.78278278278279
1730,0.5926355597406273,0.555065478913743,34.52452452452452,1551.951951951952,82.68268268268268
1740,0.3866194911670277,0.6708308805773593,34.57957957957958,1552.2522522522522,82.58258258258257
1750,0.4455831370675604,0.5688071114330102,34.63463463463464,1552.5525525525525,82.48248248248248
1760,0.5771509129067808,0.7344505172350082,34.689689689689686,1552.852852852853,82.38238238238239
1770,0.45930260802850725,0.6864101209032136,34.74474474474474,1553.1531531531532,82.28228228228228
1780,0.38196001980800354,0.6365096488483126,34.7997997997998,1553.4534534534534,82.18218218218217
1790,0.5320753486247148,0.7233626639015438,34.85485485485486,1553.7537537537537,82.08208208208208
1800,0.3319272166277839,0.7160175627697667,34.90990990990991,1554.054054054054,81.98198198198199
1810,0.5120156837928311,0.5604272475205518,34.96496496496496,1554.3543543543544,81.88188188188188
1820,0.46633064862391926,0.41707794360382816,35.02002002002002,1554.6546546546547,81.78178178178177
1830,0.5133550228003799,0.6842254348918758,35.07507507507508,1554.954954954955,81.68168168168168
1840,0.4547822312569357,0.628021035195163,35.13013013013013,1555.2552552552552,81.58158158158159
1850,0.4360232428097354,0.5618050202833177,35.18518518518518,1555.5555555555557,81.48148148148148
1860,0.6194239818646636,0.506527038204274,35.24024024024024,1555.855855855856,81.38138138138137
1870,0.5161539720024657,0.5179789813117252,35.2952952952953,1556.1561561561562,81.28128128128128
1880,0.45793837185358016,0.6112174347577943,35.350350350350354,1556.4564564564564,81.18118118118119
1890,0.3959225661443059,0.5720729988972802,35.4054054054054,1556.7567567567567,81.08108108108108
1900,0.38249357815991475,0.5989093801196128,35.46046046046046,1557.0570570570571,80.98098098098097
1910,0.5805412125289127,0.6373481858749552,35.51551551551552,1557.3573573573574,80.88088088088088
1920,0.5897023698860335,0.4783186818887223,35.57057057057057,1557.6576576576576,80.78078078078079
1930,0.37832883388648586,0.7072751825215758,35.625625625625624,1557.957957957958,80.68068068068068
1940,0.41113784483026716,0.573013017755816,35.68068068068068,1558.2582582582584,80.58058058058057
1950,0.49357050086592646,0.5012282711037824,35.73573573573574,1558.5585585585586,80.48048048048048
1960,0.6396230448379814,0.523893999165024,35.790790790790794,1558.8588588588589,80.38038038038039
1970,0.5950666721586815,0.5963004993537451,35.845845845845844,1559.1591591591591,80.28028028028028
1980,0.6688947788800949,0.5781268480563253,35.9009009009009,1559.4594594594594,80.18018018018017
1990,0.5857630241601646,0.5191796410890529,35.95595595595596,1559.7597597597598,80.08008008008008
2000,0.469470707454805,0.4687646756584362,36.01101101101101,1560.06006006006,79.97997997997999
2010,0.6067312215535154,0.6232697278618387,36.066066066066064,1560.3603603603603,79.87987987987988
2020,0.39263067239722954,0.6611386313582577,36.12112112112112,1560.6606606606606,79.77977977977977
2030,0.4624267084287529,0.44605400609056045,36.17617617617618,1560.960960960961,79.67967967967968
2040,0.642185841885641,0.5986639490101351,36.231231231231234,1561.2612612612613,79.57957957957959
2050,0.4774583793043012,0.42462217477086783,36.286286286286284,1561.5615615615616,79.47947947947948
2060,0.6775725836379854,0.5763294089465909,36.34134134134134,1561.8618618618618,79.37937937937937
2070,0.3999826726747234,0.6011216250748331,36.3963963963964,1562.162162162162,79.27927927927928
2080,0.49988875867105353,0.7477925026458722,36.45145145145145,1562.4624624624626,79.17917917917919
2090,0.3590928235585973,0.6626379395338582,36.506506506506504,1562.7627627627628,79.07907907907908
2100,0.41457949450590303,0.5149027738237051,36.56156156156156,1563.063063063063,78.97897897897897
2110,0.5870707035811429,0.6766443500582453,36.61661661661662,1563.3633633633633,78.87887887887888
2120,0.4790828330478345,0.6441043369281437,36.671671671671675,1563.6636636636636,78.77877877877879
2130,0.43439916151243496,0.45633545873665565,36.726726726726724,1563.963963963964,78.67867867867868
2140,0.3675371939939419,0.7258940652793042,36.78178178178178,1564.2642642642643,78.57857857857857
2150,0.4990008100149094,0.6063801676785887,36.83683683683684,1564.5645645645645,78.47847847847848
2160,0.5845064969622441,0.7368622455646366,36.891891891891895,1564.8648648648648,78.37837837837837
2170,0.5214747189912288,0.6348380135311623,36.94694694694695,1565.1651651651653,78.27827827827828
2180,0.40533436625665537,0.6339719097685985,37.002002002002,1565.4654654654655,78.17817817817817
2190,0.617354522034078,0.6947562877129501,37.05705705705706,1565.7657657657658,78.07807807807808
2200,0.5026643917636701,0.33274680035250054,37.112112112112115,1566.066066066066,77.97797797797797
2210,0.4990999782418114,0.5635628891954354,37.167167167167165,1566.3663663663663,77.87787787787788
2220,0.33435075864710306,0.7177484108685455,37.22222222222222,1566.6666666666667,77.77777777777777
2230,0.7107019094779837,0.5524884284046977,37.27727727727728,1566.966966966967,77.67767767767768
2240,0.5565743697026544,0.5581651451351518,37.332332332332335,1567.2672672672672,77.57757757757757
2250,0.5497649582458709,0.7767643334411379,37.38738738738739,1567.5675675675675,77.47747747747748
2260,0.4058719221350935,0.6140579639932132,37.44244244244244,1567.867867867868,77.37737737737737
2270,0.4593672671162155,0.5291604693777063,37.4974974974975,1568.1681681681682,77.27727727727728
2280,0.46942189164664055,0.6293943418749798,37.552552552552555,1568.4684684684685,77.17717717717717
2290,0.5259986921613871,0.49867870262160074,37.607607607607605,1568.7687687687687,77.07707707707708
2300,0.4814451788363948,0.4861498703884609,37.66266266266266,1569.069069069069,76.97697697697697
2310,0.4883446305789807,0.40393481284055577,37.71771771771772,1569.3693693693695,76.87687687687688
2320,0.5532823137335728,0.545278464505597,37.772772772772775,1569.6696696696697,76.77677677677677
2330,0.33574909790737634,0.6078510750362455,37.82782782782783,1569.96996996997,76.67667667667668
2340,0.428934882909055,0.6579562991394079,37.88288288288288,1570.2702702702702,76.57657657657657
2350,0.43745667562524015,0.5416352253726986,37.93793793793794,1570.5705705705705,76.47647647647648
2360,0.4691673430212568,0.5710579494500169,37.992992992992995,1570.870870870871,76.37637637637637
2370,0.6487209415557638,0.48282207072515876,38.048048048048045,1571.1711711711712,76.27627627627628
2380,0.2825600469095678,0.5657167735092468,38.1031031031031,1571.4714714714714,76.17617617617617
2390,0.427935929359508,0.6591067605500944,38.15815815815816,1571.7717717717717,76.07607607607608
2400,0.5770047494131966,0.7742983095030207,38.213213213213216,1572.0720720720722,75.97597597597597
2410,0.6159449911269959,0.41482648872114014,38.26826826826827,1572.3723723723724,75.87587587587588
2420,0.4947262267278172,0.6506505558842721,38.32332332332332,1572.6726726726727,75.77577577577577
2430,0.4489944902169439,0.5975807728715403,38.37837837837838,1572.972972972973,75.67567567567568
2440,0.6115818417775091,0.6324692175026558,38.433433433433436,1573.2732732732734,75.57557557557557
2450,0.5491751824906438,0.6577115053496133,38.488488488488485,1573.5735735735736,75.47547547547548
2460,0.4637056660458417,0.6902765550106734,38.54354354354354,1573.873873873874,75.37537537537537
2470,0.5676291415128019,0.4930876865503743,38.5985985985986,1574.1741741741741,75.27527527527528
2480,0.5169122341247784,0.6271567483951046,38.653653653653656,1574.4744744744744,75.17517517517517
2490,0.3786268339236379,0.48835314059190416,38.70870870870871,1574.7747747747749,75.07507507507508
2500,0.5842466614735013,0.5430607249976098,38.76376376376376,1575.0750750750751,74.97497497497497
2510,0.5606224976946234,0.5989942516717698,38.81881881881882,1575.3753753753754,74.87487487487488
2520,0.3779293692819613,0.4972264179080673,38.873873873873876,1575.6756756756756,74.77477477477477
2530,0.5623471484420665,0.5893135667144322,38.928928928928926,1575.9759759759759,74.67467467467468
2540,0.25201178794198953,0.746222788697471,38.98398398398398,1576.2762762762763,74.57457457457457
2550,0.5972828444353698,0.6842799496378439,39.03903903903904,1576.5765765765766,74.47447447447448
2560,0.5194320578378095,0.5279787174303363,39.094094094094096,1576.8768768768768,74.37437437437437
2570,0.46329507829890104,0.5405945506518622,39.14914914914915,1577.177177177177,74.27427427427428
2580,0.4711959880659548,0.5794908554228972,39.2042042042042,1577.4774774774776,74.17417417417417
2590,0.6923011946619207,0.4572960102982717,39.25925925925926,1577.7777777777778,74.07407407407408
2600,0.6124548577906668,0.7169873130224012,39.314314314314316,1578.078078078078,73.97397397397397
2610,0.3955223635226903,0.6364809487781579,39.369369369369366,1578.3783783783783,73.87387387387388
2620,0.40552011164972257,0.6701297860115151,39.42442442442442,1578.6786786786786,73.77377377377377
2630,0.4991222278453673,0.5776469078422972,39.47947947947948,1578.978978978979,73.67367367367368
2640,0.5928038342014491,0.6320605690118306,39.53453453453454,1579.2792792792793,73.57357357357357
2650,0.5100299519633309,0.7014313128736127,39.58958958958959,1579.5795795795796,73.47347347347348
2660,0.46092111299801836,0.8427492177844126,39.64464464464464,1579.8798798798798,73.37337337337337
2670,0.49227773134573116,0.5577113676786971,39.6996996996997,1580.1801801801803,73.27327327327328
2680,0.37695354047641066,0.6943195403044204,39.75475475475476,1580.4804804804805,73.17317317317317
2690,0.5862850637927971,0.6477563640708157,39.809809809809806,1580.7807807807808,73.07307307307308
2700,0.5874932650342899,0.6313693443849274,39.86486486486486,1581.081081081081,72.97297297297297
2710,0.4334836948361119,0.4960013934332623,39.91991991991992,1581.3813813813813,72.87287287287288
2720,0.4665986545493055,0.6950234502020531,39.97497497497498,1581.6816816816818,72.77277277277277
2730,0.4906149557263878,0.5846616705976069,40.030030030030034,1581.981981981982,72.67267267267268
2740,0.36000970672781496,0.6998251733930874,40.08508508508508,1582.2822822822823,72.57257257257257
2750,0.5988341642939227,0.6685995182475853,40.14014014014014,1582.5825825825825,72.47247247247248
2760,0.5699470205867854,0.6238214442499811,40.1951951951952,1582.8828828828828,72.37237237237237
2770,0.5434315392084451,0.5368569605487116,40.25025025025025,1583.1831831831832,72.27227227227228
2780,0.5778076550703047,0.6690096026307115,40.3053053053053,1583.4834834834835,72.17217217217217
2790,0.46519809105970855,0.5948111963566147,40.36036036036036,1583.7837837837837,72.07207207207207
2800,0.42165344713446723,0.5217302367303789,40.41541541541542,1584.084084084084,71.97197197197197
2810,0.47110673505664397,0.5724767619951291,40.470470470470474,1584.3843843843845,71.87187187187187
2820,0.4054267695953509,0.6892140949936245,40.525525525525524,1584.6846846846847,71.77177177177177
2830,0.6259078286904728,0.666136007814259,40.58058058058058,1584.984984984985,71.67167167167167
2840,0.386630150194864,0.6128443371670094,40.63563563563564,1585.2852852852852,71.57157157157157
2850,0.3618622269339079,0.5394263895368914,40.69069069069069,1585.5855855855857,71.47147147147147
2860,0.4659766907430863,0.6136455394775769,40.745745745745744,1585.885885885886,71.37137137137137
2870,0.606966689570096,0.6282520396886107,40.8008008008008,1586.1861861861862,71.27127127127127
2880,0.6637669014932777,0.6120791063916253,40.85585585585586,1586.4864864864865,71.17117117117117
2890,0.5226733940892488,0.5812599125935948,40.910910910910914,1586.7867867867867,71.07107107107107
2900,0.46138666776718384,0.8111190068359375,40.965965965965964,1587.0870870870872,70.97097097097097
2910,0.569154354269058,0.6128873373555269,41.02102102102102,1587.3873873873874,70.87087087087087
2920,0.3339037393025797,0.618096855283544,41.07607607607608,1587.6876876876877,70.77077077077077
2930,0.46681412316310916,0.7811242011690297,41.13113113113113,1587.987987987988,70.67067067067067
2940,0.7218310847770855,0.897377222402566,41.18618618618619,1588.2882882882882,70.57057057057057
2950,0.6112593484869109,0.4802737397403491,41.24124124124124,1588.5885885885887,70.47047047047047
2960,0.578616578901384,0.40767124228110563,41.2962962962963,1588.888888888889,70.37037037037037
2970,0.46901391560256833,0.543137989915465,41.351351351351354,1589.1891891891892,70.27027027027027
2980,0.5202504558386623,0.5776521505803506,41.406406406406404,1589.4894894894894,70.17017017017017
2990,0.5815011913487586,0.6403572520654504,41.46146146146146,1589.78978978979,70.07007007007007
3000,0.487762212909627,0.8237437728410039,41.51651651651652,1590.0900900900901,69.96996996996997
3010,0.47798015154085016,0.5501043955915393,41.57157157157157,1590.3903903903904,69.86986986986986
3020,0.5628094286796067,0.8379326354375949,41.62662662662663,1590.6906906906906,69.76976976976977
3030,0.3479947255558206,0.567811310508409,41.68168168168168,1590.990990990991,69.66966966966967
3040,0.686101533485062,0.6843073431450983,41.73673673673674,1591.2912912912914,69.56956956956957
3050,0.41838078922699456,0.626715720014863,41.791791791791795,1591.5915915915916,69.46946946946946
3060,0.5176758576749311,0.5459138472561145,41.846846846846844,1591.8918918918919,69.36936936936937
3070,0.4555680501323217,0.6518056754628583,41.9019019019019,1592.1921921921921,69.26926926926927
3080,0.5993484374006333,0.6379828901423374,41.95695695695696,1592.4924924924926,69.16916916916917
3090,0.7307073739502401,0.5989824352190398,42.01201201201201,1592.7927927927929,69.06906906906906
3100,0.5849933217649531,0.4582751438039797,42.06706706706707,1593.093093093093,68.96896896896897
3110,0.6067049859681227,0.5591385800964538,42.12212212212212,1593.3933933933934,68.86886886886887
3120,0.5883038654176632,0.5300785950105344,42.17717717717718,1593.6936936936936,68.76876876876877
3130,0.5143716334658531,0.38959586407474195,42.232232232232235,1593.993993993994,68.66866866866866
3140,0.5401746557956006,0.5329811492122078,42.287287287287285,1594.2942942942943,68.56856856856857
3150,0.5629624823187163,0.5010523420145742,42.34234234234234,1594.5945945945946,68.46846846846847
3160,0.43771691077578356,0.4744598383360965,42.3973973973974,1594.8948948948948,68.36836836836837
3170,0.4401128844785472,0.6018343817428674,42.45245245245245,1595.195195195195,68.26826826826826
3180,0.4595779367100982,0.4474702148677264,42.50750750750751,1595.4954954954956,68.16816816816817
3190,0.4617339445894694,0.6394847436433561,42.56256256256256,1595.7957957957958,68.06806806806807
3200,0.5801734498127817,0.5196479903031805,42.61761761761762,1596.096096096096,67.96796796796797
3210,0.5369978496521988,0.7155488735474018,42.672672672672675,1596.3963963963963,67.86786786786786
3220,0.5427644358504163,0.6809409717745418,42.727727727727725,1596.6966966966968,67.76776776776777
3230,0.19809341133526814,0.6952111723487382,42.78278278278278,1596.996996996997,67.66766766766767
3240,0.3624188194086393,0.5021815966633795,42.83783783783784,1597.2972972972973,67.56756756756756
3250,0.322705143084453,0.6825780363574777,42.89289289289289,1597.5975975975975,67.46746746746746
3260,0.6411193220886608,0.5356219379877758,42.94794794794795,1597.897897897898,67.36736736736736
3270,0.49523910977525465,0.6614518322231073,43.003003003003,1598.1981981981983,67.26726726726727
3280,0.5275939732359944,0.5962884882536225,43.05805805805806,1598.4984984984985,67.16716716716716
3290,0.4493282730477132,0.4365893965847279,43.113113113113116,1598.7987987987988,67.06706706706706
3300,0.4781505408754538,0.5769138726597494,43.168168168168165,1599.099099099099,66.96696696696696
3310,0.5312224306427415,0.6122166990061777,43.22322322322322,1599.3993993993995,66.86686686686687
3320,0.41314330684887723,0.6194111652754569,43.27827827827828,1599.6996996996997,66.76676676676676
3330,0.4247553151255059,0.5642274252368477,43.33333333333333,1600.0,66.66666666666666
3340,0.44792587598032585,0.6106424411817999,43.38838838838839,1600.3003003003003,66.56656656656656
3350,0.5407561661578885,0.6347276658953358,43.44344344344344,1600.6006006006005,66.46646646646647
3360,0.3037493400190625,0.579475094613356,43.4984984984985,1600.900900900901,66.36636636636636
3370,0.5156717693291869,0.8801145834764073,43.553553553553556,1601.2012012012012,66.26626626626626
3380,0.5087225279296216,0.37665917222879786,43.608608608608606,1601.5015015015015,66.16616616616616
3390,0.5401826739212142,0.49460400159446916,43.66366366366366,1601.8018018018017,66.06606606606607
3400,0.3877035469220164,0.4479822958698052,43.71871871871872,1602.1021021021022,65.96596596596596
3410,0.6789488687040224,0.5171840666553239,43.77377377377377,1602.4024024024025,65.86586586586586
3420,0.43332592536031783,0.5792185995917624,43.82882882882883,1602.7027027027027,65.76576576576576
3430,0.5271685356696593,0.4631748065404771,43.88388388388388,1603.003003003003,65.66566566566567
3440,0.5473841703691442,0.5371674162787021,43.93893893893894,1603.3033033033032,65.56556556556556
3450,0.47425597301203726,0.6278638855798881,43.993993993993996,1603.6036036036037,65.46546546546546
3460,0.5825988199579033,0.5833621870832503,44.049049049049046,1603.903903903904,65.36536536536536
3470,0.6968949321587471,0.5635018825808868,44.10410410410411,1604.2042042042042,65.26526526526527
3480,0.5542198465624487,0.5765601769035276,44.15915915915916,1604.5045045045044,65.16516516516516
3490,0.4741557685969695,0.7493345153445565,44.214214214214216,1604.804804804805,65.06506506506506
3500,0.3921590274624592,0.5817957756646799,44.26926926926927,1605.1051051051052,64.96496496496496
3510,0.6698991314312744,0.7013469186741631,44.32432432432432,1605.4054054054054,64.86486486486487
3520,0.5326466731384724,0.566500549548977,44.37937937937938,1605.7057057057057,64.76476476476476
3530,0.4689749386316115,0.489189005850727,44.434434434434436,1606.006006006006,64.66466466466466
3540,0.5545628845987977,0.4607932657844217,44.489489489489486,1606.3063063063064,64.56456456456456
3550,0.5979772180257787,0.567534758327822,44.54454454454455,1606.6066066066066,64.46446446446447
3560,0.49237403727827606,0.511457967044175,44.5995995995996,1606.906906906907,64.36436436436436
3570,0.4087256416008112,0.7039688575792808,44.65465465465466,1607.2072072072071,64.26426426426426
3580,0.44601251421882043,0.5276709452150687,44.70970970970971,1607.5075075075074,64.16416416416416
3590,0.5472681839303741,0.47085317135333293,44.76476476476476,1607.8078078078079,64.06406406406407
3600,0.4576392085348927,0.4933522109958502,44.81981981981982,1608.1081081081081,63.96396396396396
3610,0.5109939868405589,0.6505477894292812,44.87487487487488,1608.4084084084084,63.86386386386386
3620,0.6555597355299501,0.6370047351412886,44.929929929929926,1608.7087087087086,63.76376376376376
3630,0.4089454362417658,0.7668975453533351,44.98498498498499,1609.009009009009,63.66366366366366
3640,0.6123552815001877,0.4788313008729405,45.04004004004004,1609.3093093093094,63.56356356356356
3650,0.4150021020789898,0.4756345510981127,45.0950950950951,1609.6096096096096,63.46346346346346
3660,0.5424294775967828,0.7261783599213787,45.150150150150154,1609.9099099099099,63.36336336336336
3670,0.4749674982609866,0.6535621307913162,45.2052052052052,1610.21021021021,63.26326326326326
3680,0.34005835098776227,0.4406340130487172,45.26026026026026,1610.5105105105106,63.16316316316316
3690,0.40826904000086445,0.618867751177631,45.31531531531532,1610.8108108108108,63.06306306306306
3700,0.5131505036524664,0.5620630791940496,45.37037037037037,1611.111111111111,62.96296296296296
3710,0.6937480858728418,0.5395324056800653,45.42542542542543,1611.4114114114113,62.86286286286286
3720,0.5175894033796721,0.5120697746718228,45.48048048048048,1611.7117117117118,62.76276276276276
3730,0.48034247825316095,0.6503599492936418,45.53553553553554,1612.012012012012,62.66266266266266
3740,0.4216896836742335,0.7418975906748696,45.590590590590594,1612.3123123123123,62.56256256256256
3750,0.4972843018894651,0.5949348093343911,45.645645645645644,1612.6126126126126,62.46246246246246
3760,0.34004446324546833,0.7369314334256865,45.7007007007007,1612.9129129129128,62.36236236236236
3770,0.2549268696422218,0.5398186711881784,45.75575575575576,1613.2132132132133,62.26226226226226
3780,0.49009309358160774,0.506316983505911,45.81081081081081,1613.5135135135135,62.16216216216216
3790,0.586567911142184,0.43129254665679834,45.86586586586587,1613.8138138138138,62.06206206206206
3800,0.402528891428541,0.49906493459197643,45.92092092092092,1614.114114114114,61.96196196196196
3810,0.6098029297186448,0.6542516551164972,45.97597597597598,1614.4144144144143,61.86186186186186
3820,0.49837497516828955,0.688087334435115,46.031031031031034,1614.7147147147148,61.76176176176176
3830,0.34578138521379814,0.5377605730548835,46.086086086086084,1615.015015015015,61.66166166166166
3840,0.5114184185070546,0.6375765171598096,46.14114114114114,1615.3153153153153,61.56156156156156
3850,0.46655161398578854,0.5437034361760804,46.1961961961962,1615.6156156156155,61.46146146146146
3860,0.5504316581937527,0.4566484412187995,46.25125125125125,1615.915915915916,61.36136136136136
3870,0.4459351092367581,0.5123976488401141,46.30630630630631,1616.2162162162163,61.26126126126126
3880,0.4425043309630672,0.6018749626863984,46.36136136136136,1616.5165165165165,61.16116116116116
3890,0.5594603010530942,0.43107930882939466,46.41641641641642,1616.8168168168168,61.06106106106106
3900,0.6702572065116877,0.6018580957353412,46.471471471471475,1617.1171171171172,60.96096096096096
3910,0.3879699888391134,0.5816047389272706,46.526526526526524,1617.4174174174175,60.86086086086086
3920,0.4860233794936269,0.43330858430706276,46.58158158158158,1617.7177177177177,60.76076076076076
3930,0.5408176358761929,0.5438535068505785,46.63663663663664,1618.018018018018,60.66066066066066
3940,0.508028024419553,0.7969634904703684,46.69169169169169,1618.3183183183182,60.56056056056056
3950,0.661238441918621,0.66416033217754,46.74674674674675,1618.6186186186187,60.46046046046046
3960,0.6551572500253318,0.70589374293331,46.8018018018018,1618.918918918919,60.36036036036036
3970,0.3991251915103005,0.5478788296223778,46.85685685685686,1619.2192192192192,60.26026026026026
3980,0.5429174492254595,0.6790305960695583,46.911911911911915,1619.5195195195195,60.16016016016016
3990,0.5404850421448647,0.7019595297677358,46.966966966966964,1619.8198198198197,60.06006006006006
4000,0.5248864162122601,0.6165142126992399,47.02202202202202,1620.1201201201202,59.95995995995996
4010,0.3685429659173529,0.6068467911081947,47.07707707707708,1620.4204204204204,59.85985985985986
4020,0.4917377352832959,0.6597085880808604,47.13213213213213,1620.7207207207207,59.75975975975976
4030,0.37802797348114825,0.5281955565158363,47.18718718718719,1621.021021021021,59.65965965965966
4040,0.5358199776200517,0.47255927845990175,47.24224224224224,1621.3213213213214,59.55955955955956
4050,0.5387353715776608,0.6233349197891037,47.2972972972973,1621.6216216216217,59.45945945945946
4060,0.6282223231236275,0.6372056333720236,47.352352352352355,1621.921921921922,59.35935935935936
4070,0.4516072215585242,0.6226604998127803,47.407407407407405,1622.2222222222222,59.25925925925926
4080,0.6471905691303393,0.7067118614121342,47.46246246246246,1622.5225225225224,59.15915915915916
4090,0.5790239664141985,0.7333472647589319,47.51751751751752,1622.822822822823,59.05905905905906
4100,0.37897524788972214,0.5992521146856516,47.57257257257257,1623.1231231231232,58.95895895895896
4110,0.4993414033527143,0.42336665408883245,47.62762762762763,1623.4234234234234,58.85885885885886
4120,0.38260972096711526,0.7498780618112818,47.68268268268268,1623.7237237237237,58.75875875875876
4130,0.4021896764224297,0.7830474609440896,47.73773773773774,1624.0240240240241,58.65865865865866
4140,0.48332269582242043,0.6381187011665663,47.792792792792795,1624.3243243243244,58.55855855855856
4150,0.3901803731776317,0.5995832280464991,47.847847847847845,1624.6246246246246,58.45845845845846
4160,0.5491409174788968,0.46465871207301845,47.9029029029029,1624.9249249249249,58.35835835835836
4170,0.5900603985139841,0.629505599606285,47.95795795795796,1625.2252252252251,58.25825825825826
4180,0.4682967375969828,0.5375634648021655,48.01301301301301,1625.5255255255256,58.15815815815816
4190,0.6855964385535502,0.6118616316511177,48.06806806806807,1625.8258258258259,58.05805805805806
4200,0.4143076412733436,0.6672388671596697,48.12312312312312,1626.126126126126,57.95795795795796
4210,0.5408200287471834,0.47797496953659435,48.17817817817818,1626.4264264264264,57.85785785785786
4220,0.5590891653640798,0.6307894978813173,48.233233233233236,1626.7267267267266,57.75775775775776
4230,0.6274383177727267,0.4553712647431748,48.288288288288285,1627.027027027027,57.65765765765766
4240,0.34912971207536336,0.522538445922264,48.34334334334334,1627.3273273273273,57.55755755755756
4250,0.546678112688655,0.5913983395464841,48.3983983983984,1627.6276276276276,57.45745745745746
4260,0.4531167756495729,0.5549299687032556,48.45345345345345,1627.9279279279278,57.35735735735736
4270,0.32272837978238256,0.5758815070685201,48.50850850850851,1628.2282282282283,57.25725725725725
4280,0.481343144681359,0.7239532573840242,48.56356356356356,1628.5285285285286,57.15715715715715
4290,0.5370457509087515,0.6628930525327787,48.61861861861862,1628.8288288288288,57.05705705705705
4300,0.53049586528313,0.6838620680233685,48.673673673673676,1629.129129129129,56.95695695695695
4310,0.4612420701449338,0.6708532224697916,48.728728728728726,1629.4294294294295,56.85685685685685
4320,0.4992947897745261,0.7313080824212246,48.78378378378379,1629.7297297297298,56.75675675675675
4330,0.3935180991393862,0.5695794610430165,48.83883883883884,1630.03003003003,56.65665665665665
4340,0.5208278750815838,0.5848907581363749,48.893893893893896,1630.3303303303303,56.55655655655655
4350,0.5673797521434613,0.40266592960618974,48.94894894894895,1630.6306306306305,56.45645645645645
4360,0.4243820987865021,0.6624890524062453,49.004004004004,1630.930930930931,56.35635635635635
4370,0.4986490130152418,0.7117274629780707,49.05905905905906,1631.2312312312313,56.25625625625625
4380,0.46526420385693396,0.5573362021429087,49.114114114114116,1631.5315315315315,56.15615615615615
4390,0.3494930681795974,0.5688043467318626,49.169169169169166,1631.8318318318318,56.05605605605605
4400,0.5128464676693748,0.6729775278281998,49.22422422422423,1632.132132132132,55.95595595595595
4410,0.5595954933903942,0.6707275188765919,49.27927927927928,1632.4324324324325,55.85585585585585
4420,0.3547409870139743,0.6140603152684486,49.334334334334336,1632.7327327327328,55.75575575575575
4430,0.45950877463662154,0.559371448635525,49.38938938938939,1633.033033033033,55.65565565565565
4440,0.5861137215624994,0.6013080018891348,49.44444444444444,1633.3333333333333,55.55555555555555
4450,0.4275970310774394,0.7320846279344485,49.4994994994995,1633.6336336336335,55.45545545545545
4460,0.37453007910952446,0.6643349427521171,49.55455455455456,1633.933933933934,55.35535535535535
4470,0.4296734108395468,0.6855591086423864,49.609609609609606,1634.2342342342342,55.25525525525525
4480,0.40635574372669286,0.5738375177432242,49.66466466466467,1634.5345345345345,55.15515515515515
4490,0.4206609909215762,0.5881506264888902,49.71971971971972,1634.834834834835,55.05505505505505
4500,0.45644901936278404,0.7951956360903346,49.77477477477478,1635.1351351351352,54.95495495495495
4510,0.6027372709114086,0.666569317186511,49.82982982982983,1635.4354354354355,54.85485485485485
4520,0.5460126231074465,0.4660688626710521,49.88488488488488,1635.7357357357357,54.75475475475475
4530,0.442027748029774,0.7456747405689422,49.93993993993994,1636.036036036036,54.65465465465465
4540,0.5320737639036878,0.6882145994994668,49.994994994995,1636.3363363363364,54.55455455455455
4550,0.5320533853641293,0.7458984464343296,50.05005005005005,1636.6366366366367,54.45445445445445
4560,0.487316348348421,0.6205575455734241,50.10510510510511,1636.936936936937,54.35435435435435
4570,0.34567223187784024,0.5264794067555957,50.16016016016016,1637.2372372372372,54.25425425425425
4580,0.5463224844901534,0.6011148892832789,50.21521521521522,1637.5375375375374,54.15415415415415
4590,0.33996867466085756,0.6939905321747932,50.270270270270274,1637.837837837838,54.05405405405405
4600,0.5174346340962248,0.654919252000222,50.32532532532532,1638.1381381381382,53.95395395395395
4610,0.4697503293589838,0.6791673779905274,50.38038038038038,1638.4384384384384,53.85385385385385
4620,0.5452598410652978,0.5532336464946257,50.43543543543544,1638.7387387387387,53.75375375375375
4630,0.648482177149542,0.4273844050760302,50.49049049049049,1639.039039039039,53.65365365365365
4640,0.3917816164311667,0.5484782983091315,50.54554554554555,1639.3393393393394,53.55355355355355
4650,0.5330582255474278,0.5345622100076712,50.6006006006006,1639.6396396396397,53.45345345345345
4660,0.5534074969434782,0.48458930275201695,50.65565565565566,1639.93993993994,53.35335335335335
4670,0.5751958426397754,0.5320004622091633,50.710710710710714,1640.2402402402402,53.25325325325325
4680,0.5413856438623084,0.6927403964454315,50.765765765765764,1640.5405405405406,53.15315315315315
4690,0.5447565799564988,0.6834569173606706,50.82082082082082,1640.8408408408409,53.05305305305305
4700,0.37561433405352795,0.5980661234542756,50.87587587587588,1641.1411411411411,52.95295295295295
4710,0.5204174277872231,0.6448577467627741,50.93093093093093,1641.4414414414414,52.85285285285285
4720,0.4690242070353828,0.6316568789329999,50.98598598598599,1641.7417417417419,52.75275275275275
4730,0.2938185355572843,0.45218389285607996,51.04104104104104,1642.042042042042,52.65265265265265
4740,0.35693239726775927,0.5053223671834416,51.0960960960961,1642.3423423423424,52.55255255255255
4750,0.303138587714231,0.5857199996998863,51.151151151151154,1642.6426426426426,52.45245245245245
4760,0.32310588401626084,0.52421536474565,51.206206206206204,1642.9429429429429,52.35235235235235
4770,0.644361875789816,0.5884896139763028,51.26126126126126,1643.2432432432433,52.25225225225225
4780,0.34167709071700736,0.49512363976353674,51.31631631631632,1643.5435435435436,52.15215215215215
4790,0.3232031564493054,0.5710974562319382,51.37137137137137,1643.8438438438438,52.05205205205205
4800,0.541795850203395,0.5308009171534405,51.42642642642643,1644.144144144144,51.95195195195195
4810,0.29084004898660576,0.6131261626434299,51.48148148148148,1644.4444444444443,51.85185185185185
4820,0.5183917712577818,0.34606816056950807,51.53653653653654,1644.7447447447448,51.75175175175175
4830,0.3517583909556783,0.523536206961179,51.591591591591595,1645.045045045045,51.65165165165165
4840,0.5554453778673494,0.5340351347670025,51.646646646646644,1645.3453453453453,51.55155155155155
4850,0.5664114061319957,0.6337374720187012,51.7017017017017,1645.6456456456456,51.45145145145145
4860,0.19769521692810188,0.48040697406101984,51.75675675675676,1645.9459459459458,51.35135135135135
4870,0.559075543443603,0.7146700035563134,51.81181181181181,1646.2462462462463,51.25125125125125
4880,0.39238173925232894,0.4738721821632611,51.86686686686687,1646.5465465465466,51.15115115115115
4890,0.44551641673807646,0.7504362939112973,51.92192192192192,1646.8468468468468,51.05105105105105
4900,0.6431339435292266,0.6621824221920956,51.97697697697698,1647.147147147147,50.95095095095095
4910,0.2559449812402329,0.4055456497759981,52.032032032032035,1647.4474474474475,50.85085085085085
4920,0.6345630550276191,0.5759336523382316,52.087087087087085,1647.7477477477478,50.75075075075075
4930,0.32592123995036903,0.5549456283516487,52.14214214214214,1648.048048048048,50.65065065065065
4940,0.3864165846021966,0.6339091960212292,52.1971971971972,1648.3483483483483,50.55055055055055
4950,0.5322776094774625,0.5348324548488603,52.25225225225225,1648.6486486486488,50.45045045045045
4960,0.5453424344661959,0.4886319953921689,52.30730730730731,1648.948948948949,50.35035035035035
4970,0.49172945061176926,0.6956485536412698,52.36236236236236,1649.2492492492493,50.25025025025025
4980,0.610232065441392,0.5963931936797646,52.41741741741742,1649.5495495495495,50.15015015015015
4990,0.33427075010354196,0.44183177127217493,52.472472472472475,1649.8498498498498,50.05005005005005
5000,0.5511460481815583,0.5701293751447363,52.527527527527525,1650.1501501501502,49.949949949949946
5010,0.4807873546430801,0.4766570906144177,52.58258258258258,1650.4504504504505,49.849849849849846
5020,0.4588597185195138,0.785570509086599,52.63763763763764,1650.7507507507507,49.749749749749746
5030,0.4716643257880542,0.5883480538088995,52.69269269269269,1651.051051051051,49.649649649649646
5040,0.5843067709165308,0.5298651573068652,52.74774774774775,1651.3513513513512,49.549549549549546
5050,0.49952484474750325,0.4998150288407917,52.8028028028028,1651.6516516516517,49.449449449449446
5060,0.4732430465183393,0.81163338373786,52.85785785785786,1651.951951951952,49.349349349349346
5070,0.565496439841077,0.4699387325177904,52.912912912912915,1652.2522522522522,49.249249249249246
5080,0.5550438209417787,0.4079283623343956,52.967967967967965,1652.5525525525525,49.149149149149146
5090,0.42866399164979874,0.4947698407392684,53.02302302302302,1652.852852852853,49.049049049049046
5100,0.4321263929923773,0.6607914243820704,53.07807807807808,1653.1531531531532,48.948948948948946
5110,0.21195472356563255,0.5111888666546613,53.13313313313313,1653.4534534534534,48.848848848848846
5120,0.49710804458249447,0.4693528063578316,53.18818818818819,1653.7537537537537,48.748748748748746
5130,0.33025821073185413,0.7177121163737422,53.24324324324324,1654.0540540540542,48.648648648648646
5140,0.4924833910818819,0.6520893997001119,53.2982982982983,1654.3543543543544,48.548548548548546
5150,0.4886882240262574,0.571686868697987,53.353353353353356,1654.6546546546547,48.448448448448445
5160,0.39522575394145987,0.6455972677213221,53.408408408408405,1654.954954954955,48.348348348348345
5170,0.6167121526103013,0.6309605793340834,53.46346346346347,1655.2552552552552,48.248248248248245
5180,0.5643626594550891,0.29301745727999623,53.51851851851852,1655.5555555555557,48.148148148148145
5190,0.31711057985538316,0.6085453655653558,53.573573573573576,1655.855855855856,48.048048048048045
5200,0.47724221433522745,0.6163719270669552,53.62862862862863,1656.1561561561562,47.947947947947945
5210,0.6010297861679255,0.605836065886481,53.68368368368368,1656.4564564564564,47.847847847847845
5220,0.6711049639897618,0.5688963244997092,53.73873873873874,1656.7567567567567,47.747747747747745
5230,0.4612584267243909,0.6236551192581932,53.793793793793796,1657.0570570570571,47.647647647647645
5240,0.46846173831649524,0.5462491705966543,53.848848848848846,1657.3573573573574,47.547547547547545
5250,0.4283260732531104,0.5952762321242593,53.90390390390391,1657.6576576576576,47.447447447447445
5260,0.49441867527766675,0.5063581081912361,53.95895895895896,1657.957957957958,47.347347347347345
5270,0.4473422494511564,0.7475437851979725,54.014014014014016,1658.2582582582581,47.247247247247245
5280,0.39085039276021094,0.4981186446802561,54.06906906906907,1658.5585585585586,47.147147147147145
5290,0.49275511990503745,0.639074386311036,54.12412412412412,1658.8588588588589,47.047047047047045
5300,0.6220295348331354,0.6038423515917144,54.17917917917918,1659.1591591591591,46.946946946946944
5310,0.6066428983592255,0.5903027069904363,54.234234234234236,1659.4594594594594,46.846846846846844
5320,0.48660615165462967,0.6808813012173347,54.289289289289286,1659.7597597597598,46.746746746746744
5330,0.7524169663662594,0.47342260602468195,54.34434434434435,1660.06006006006,46.646646646646644
5340,0.45446161319920997,0.723749255649366,54.3993993993994,1660.3603603603603,46.546546546546544
5350,0.5040613536459957,0.8719009273181625,54.454454454454456,1660.6606606606606,46.446446446446444
5360,0.5190063218889897,0.49184271831405724,54.50950950950951,1660.960960960961,46.346346346346344
5370,0.5287416136845852,0.6328364891364809,54.56456456456456,1661.2612612612613,46.246246246246244
5380,0.4635500853298404,0.8072731825759979,54.61961961961962,1661.5615615615616,46.146146146146144
5390,0.3865515445598695,0.45585260421175255,54.67467467467468,1661.8618618618618,46.046046046046044
5400,0.48378021063898047,0.7594663057434048,54.729729729729726,1662.162162162162,45.945945945945944
5410,0.5100168849826078,0.7045908449189888,54.78478478478479,1662.4624624624626,45.845845845845844
5420,0.4907925198534606,0.5900148302371495,54.83983983983984,1662.7627627627628,45.745745745745744
5430,0.38628271828815985,0.556991044921702,54.8948948948949,1663.063063063063,45.645645645645644
5440,0.4555895386142662,0.36038800662487847,54.94994994994995,1663.3633633633633,45.545545545545544
5450,0.46536579133562656,0.7006213545786931,55.005005005005,1663.6636636636636,45.44544544544544
5460,0.5560714865512544,0.5935498411309704,55.06006006006006,1663.963963963964,45.34534534534534
5470,0.5830046711557721,0.7248616141782191,55.11511511511512,1664.2642642642643,45.24524524524524
5480,0.4410051849269017,0.6318528476361976,55.17017017017017,1664.5645645645645,45.14514514514514
5490,0.45097353486962677,0.3636793383371535,55.22522522522523,1664.8648648648648,45.04504504504504
5500,0.5645123088408142,0.5527195621004999,55.28028028028028,1665.1651651651653,44.94494494494494
5510,0.6352607444026106,0.6143509659483563,55.33533533533534,1665.4654654654655,44.84484484484484
5520,0.48939701969318805,0.6463632500024902,55.390390390390394,1665.7657657657658,44.74474474474474
5530,0.40252010820591666,0.6470767576791108,55.44544544544544,1666.066066066066,44.64464464464464
5540,0.3605565979103583,0.6292404862556419,55.5005005005005,1666.3663663663665,44.54454454454454
5550,0.4190269989398757,0.6084091771619816,55.55555555555556,1666.6666666666667,44.44444444444444
5560,0.7243438871195297,0.41135916954740703,55.61061061061061,1666.966966966967,44.34434434434434
5570,0.42147611225425713,0.6169182799490068,55.66566566566567,1667.2672672672672,44.24424424424424
5580,0.4668873318417654,0.49506055626179685,55.72072072072072,1667.5675675675675,44.14414414414414
5590,0.6215308470952391,0.8473472125295683,55.77577577577578,1667.867867867868,44.04404404404404
5600,0.22650942377995303,0.7066493309861905,55.830830830830834,1668.1681681681682,43.94394394394394
5610,0.5348138239186946,0.8256348141453974,55.885885885885884,1668.4684684684685,43.84384384384384
5620,0.5549779191242217,0.528636668851806,55.94094094094094,1668.7687687687687,43.74374374374374
5630,0.5612280330502526,0.6332207381961095,55.995995995996,1669.069069069069,43.64364364364364
5640,0.4002172684703346,0.4718176779680153,56.05105105105105,1669.3693693693695,43.54354354354354
5650,0.6096369910666027,0.4523384597816834,56.10610610610611,1669.6696696696697,43.44344344344344
5660,0.42162804871293097,0.6313763572081964,56.16116116116116,1669.96996996997,43.34334334334334
5670,0.46374610851302134,0.6596780896359127,56.21621621621622,1670.2702702702702,43.24324324324324
5680,0.45349073723739647,0.626484478505274,56.271271271271274,1670.5705705705705,43.14314314314314
5690,0.44833427322351277,0.7803899806318904,56.326326326326324,1670.870870870871,43.04304304304304
5700,0.5822388556052155,0.5450159510985374,56.38138138138138,1671.1711711711712,42.94294294294294
5710,0.5501547152670262,0.46543824679422097,56.43643643643644,1671.4714714714714,42.84284284284284
5720,0.38914916802441873,0.6338555802492127,56.49149149149149,1671.7717717717717,42.74274274274274
5730,0.47838997569989444,0.6249252889664768,56.54654654654655,1672.0720720720722,42.64264264264264
5740,0.4976148040446107,0.5318906784092687,56.6016016016016,1672.3723723723724,42.54254254254254
5750,0.40498812630297043,0.7120848869200851,56.65665665665666,1672.6726726726727,42.44244244244244
5760,0.6307117411090779,0.6913788141572981,56.711711711711715,1672.972972972973,42.34234234234234
5770,0.4291887243283262,0.64077251371802,56.766766766766764,1673.2732732732734,42.24224224224224
5780,0.7180852952739969,0.45881232655995113,56.82182182182182,1673.5735735735736,42.14214214214214
5790,0.4621722981524777,0.7637221176204073,56.87687687687688,1673.873873873874,42.04204204204204
5800,0.3338780723377525,0.6314022961075143,56.93193193193193,1674.1741741741741,41.94194194194194
5810,0.4461724082203311,0.49792567021100936,56.98698698698699,1674.4744744744744,41.84184184184184
5820,0.5612169468780474,0.46151091716108583,57.04204204204204,1674.7747747747749,41.74174174174174
5830,0.547160970038013,0.5784050796319328,57.0970970970971,1675.0750750750751,41.64164164164164
5840,0.5457233714455556,0.3498678435282235,57.152152152152155,1675.3753753753754,41.54154154154154
5850,0.5980769410942087,0.5697925253201443,57.207207207207205,1675.6756756756756,41.44144144144144
5860,0.4486259074239295,0.6820932969093088,57.26226226226226,1675.9759759759759,41.34134134134134
5870,0.6062580354353542,0.7548401631795376,57.31731731731732,1676.2762762762763,41.24124124124124
5880,0.5269094469058083,0.8066836727909261,57.372372372372375,1676.5765765765766,41.14114114114114
5890,0.603269357400821,0.5401821419026833,57.427427427427425,1676.8768768768768,41.04104104104104
5900,0.5816915101885846,0.5645088605243357,57.48248248248248,1677.177177177177,40.94094094094094
5910,0.5166914157707859,0.6974494109616065,57.53753753753754,1677.4774774774776,40.84084084084084
5920,0.5936218959538937,0.7844471956880099,57.592592592592595,1677.7777777777778,40.74074074074074
5930,0.3592591778805865,0.6792006552585674,57.647647647647645,1678.078078078078,40.64064064064064
5940,0.5496791404289807,0.5345677449182279,57.7027027027027,1678.3783783783783,40.54054054054054
5950,0.5019929275414381,0.6073123119921924,57.75775775775776,1678.6786786786788,40.44044044044044
5960,0.36351966862314145,0.6646327397337708,57.812812812812815,1678.978978978979,40.34034034034034
5970,0.3920542601555042,0.48425433632981796,57.867867867867865,1679.2792792792793,40.24024024024024
5980,0.2945569276096606,0.4737226135436303,57.92292292292292,1679.5795795795796,40.14014014014013
5990,0.3712335026338637,0.4987682976738293,57.97797797797798,1679.8798798798798,40.04004004004003
6000,0.31998852821601764,0.5770013084279902,58.033033033033036,1680.1801801801803,39.93993993993993
6010,0.5073580153937001,0.7022896098088142,58.08808808808809,1680.4804804804805,39.83983983983983
6020,0.5625713283591359,0.6016453848347227,58.14314314314314,1680.7807807807808,39.73973973973973
6030,0.6216036195658313,0.6104781018719804,58.1981981981982,1681.081081081081,39.63963963963963
6040,0.6640954763459087,0.47460636965314446,58.253253253253256,1681.3813813813813,39.53953953953953
6050,0.5214458094454759,0.7237837932235872,58.30830830830831,1681.6816816816818,39.43943943943943
6060,0.6054590036696991,0.7048081177085934,58.36336336336336,1681.981981981982,39.33933933933933
6070,0.45807712462906064,0.5676119245639962,58.41841841841842,1682.2822822822823,39.23923923923923
6080,0.48679418002289615,0.623014590492926,58.473473473473476,1682.5825825825825,39.13913913913913
6090,0.3902452021880081,0.500221146871612,58.52852852852853,1682.8828828828828,39.03903903903903
6100,0.5162053903419963,0.5450311485801734,58.58358358358358,1683.1831831831832,38.93893893893893
6110,0.45431044124655906,0.6858361661470886,58.63863863863864,1683.4834834834835,38.83883883883883
6120,0.38039589963013076,0.5591476555596344,58.693693693693696,1683.7837837837837,38.73873873873873
6130,0.6465418230905838,0.5756984060242886,58.74874874874875,1684.084084084084,38.63863863863863
6140,0.43962089175314784,0.5505530916164643,58.8038038038038,1684.3843843843845,38.53853853853853
6150,0.4982869906051582,0.6207498007587386,58.85885885885886,1684.6846846846847,38.43843843843843
6160,0.4313035136052469,0.5252228917727345,58.913913913913916,1684.984984984985,38.33833833833833
6170,0.42130768970045657,0.6802112552339875,58.96896896896897,1685.2852852852852,38.23823823823823
6180,0.47907673218497376,0.5496767671619655,59.02402402402402,1685.5855855855857,38.13813813813813
6190,0.4029310952386721,0.633831883976936,59.07907907907908,1685.885885885886,38.03803803803803
6200,0.5670886349572495,0.6122746305201577,59.134134134134136,1686.1861861861862,37.93793793793793
6210,0.6908737133915851,0.5213885644357399,59.18918918918919,1686.4864864864865,37.83783783783783
6220,0.5610896814098858,0.604789741295327,59.24424424424424,1686.7867867867867,37.73773773773773
6230,0.41691070160575444,0.48065801656253715,59.2992992992993,1687.0870870870872,37.63763763763763
6240,0.6512820050664521,0.6179418543537054,59.354354354354356,1687.3873873873874,37.53753753753753
6250,0.3684553833290495,0.5605367097137937,59.40940940940941,1687.6876876876877,37.43743743743743
6260,0.6816094965049346,0.607853598530125,59.46446446446446,1687.987987987988,37.33733733733733
6270,0.5338254729855391,0.5196183076189109,59.51951951951952,1688.2882882882882,37.23723723723723
6280,0.48643647078478364,0.5108044683540401,59.57457457457458,1688.5885885885887,37.13713713713713
6290,0.4631338919885493,0.6633683702584093,59.62962962962963,1688.888888888889,37.03703703703703
6300,0.31862622510331196,0.48636646304407766,59.68468468468468,1689.1891891891892,36.93693693693693
6310,0.5448202358919336,0.69457422409929,59.73973973973974,1689.4894894894894,36.83683683683683
6320,0.5436822162171128,0.646768553575629,59.7947947947948,1689.7897897897897,36.73673673673673
6330,0.4981528679221776,0.7526748699908139,59.84984984984985,1690.0900900900901,36.63663663663663
6340,0.5314138837055377,0.6586125068237881,59.9049049049049,1690.3903903903904,36.53653653653653
6350,0.47307449940375945,0.4518183798104808,59.95995995995996,1690.6906906906906,36.43643643643643
6360,0.4100922618501033,0.46113898526058583,60.01501501501502,1690.990990990991,36.33633633633633
6370,0.6820957179926777,0.6170139846614906,60.070070070070074,1691.2912912912914,36.23623623623623
6380,0.5925846899181044,0.6180940397059771,60.12512512512512,1691.5915915915916,36.13613613613613
6390,0.7000068220524336,0.5576233959303057,60.18018018018018,1691.8918918918919,36.03603603603603
6400,0.3333325170980565,0.5327052294435218,60.23523523523524,1692.1921921921921,35.93593593593593
6410,0.4507447583793817,0.8158143362300374,60.290290290290294,1692.4924924924926,35.83583583583584
6420,0.32431798300737413,0.6552988787889688,60.34534534534534,1692.7927927927929,35.73573573573573
6430,0.26574528328410085,0.6890120981794592,60.4004004004004,1693.093093093093,35.63563563563564
6440,0.6381465486581692,0.6328042139349007,60.45545545545546,1693.3933933933934,35.53553553553553
6450,0.575396127953287,0.7163727649817232,60.510510510510514,1693.6936936936936,35.43543543543544
6460,0.5394029670385446,0.5887313614117528,60.565565565565564,1693.993993993994,35.33533533533533
6470,0.5248829496322622,0.7694872627780751,60.62062062062062,1694.2942942942943,35.23523523523524
6480,0.5058448551606655,0.40763723708978594,60.67567567567568,1694.5945945945946,35.13513513513513
6490,0.6037312474022933,0.6719815623997959,60.730730730730734,1694.8948948948948,35.03503503503504
6500,0.5563836028841603,0.5169313208675869,60.785785785785784,1695.195195195195,34.93493493493493
6510,0.4909391407985897,0.4934311898567443,60.84084084084084,1695.4954954954956,34.83483483483484
6520,0.42943727168110035,0.5096279962506576,60.8958958958959,1695.7957957957958,34.73473473473473
6530,0.6170198256533734,0.5708554872307596,60.950950950950954,1696.096096096096,34.63463463463464
6540,0.5398482150737606,0.733463677456555,61.006006006006004,1696.3963963963963,34.53453453453453
6550,0.5095506115376071,0.661188467719179,61.06106106106106,1696.6966966966968,34.434434434434436
6560,0.33690668748596175,0.6074880886739944,61.11611611611612,1696.996996996997,34.33433433433433
6570,0.5626435503972766,0.42543331447539556,61.171171171171174,1697.2972972972973,34.234234234234236
6580,0.40495621759247247,0.7327444362882705,61.226226226226224,1697.5975975975975,34.13413413413413
6590,0.5877108603722625,0.6686795408946281,61.28128128128128,1697.897897897898,34.034034034034036
6600,0.5769120997105056,0.4156103183795847,61.33633633633634,1698.1981981981983,33.93393393393393
6610,0.4403985612345044,0.5905924762681978,61.391391391391394,1698.4984984984985,33.833833833833836
6620,0.45859035002564363,0.5375308943243169,61.446446446446444,1698.7987987987988,33.73373373373373
6630,0.3686099089613656,0.5965284313804395,61.5015015015015,1699.099099099099,33.633633633633636
6640,0.3870283231437457,0.6054915092725981,61.55655655655656,1699.3993993993995,33.53353353353353
6650,0.5850474771049439,0.7284871610383257,61.611611611611615,1699.6996996996997,33.433433433433436
6660,0.5052241011339699,0.5518612358137613,61.666666666666664,1700.0,33.33333333333333
6670,0.43381721729259637,0.5719713636711323,61.72172172172172,1700.3003003003003,33.233233233233236
6680,0.6170789007843284,0.5262436415081777,61.77677677677678,1700.6006006006005,33.13313313313313
6690,0.3715063163275327,0.6225266289127814,61.831831831831835,1700.900900900901,33.033033033033036
6700,0.5857298468699907,0.626968375644377,61.886886886886884,1701.2012012012012,32.93293293293293
6710,0.564219628805342,0.5268932190199566,61.94194194194194,1701.5015015015015,32.832832832832835
6720,0.3868180279505053,0.8720495828006973,61.996996996997,1701.8018018018017,32.73273273273273
6730,0.564726756633472,0.70571874164997,62.052052052052055,1702.102102102102,32.632632632632635
6740,0.4020596290109028,0.45835388953323564,62.107107107107105,1702.4024024024025,32.53253253253253
6750,0.6627456321189744,0.45680983361491395,62.16216216216216,1702.7027027027027,32.432432432432435
6760,0.47877480629637686,0.3525767648336505,62.21721721721722,1703.003003003003,32.33233233233233
6770,0.48864241352174437,0.6940413325721922,62.272272272272275,1703.3033033033032,32.232232232232235
6780,0.2669111409764039,0.6584949497986479,62.327327327327325,1703.6036036036037,32.13213213213213
6790,0.5402018713188855,0.6587191834691097,62.38238238238238,1703.903903903904,32.032032032032035
6800,0.4097698296719755,0.5133674441417274,62.43743743743744,1704.2042042042042,31.931931931931928
6810,0.41609967318365854,0.5652699044029581,62.492492492492495,1704.5045045045044,31.831831831831835
6820,0.4241230550996107,0.7799788721960228,62.547547547547545,1704.804804804805,31.731731731731728
6830,0.40985961997555503,0.6721724136469056,62.6026026026026,1705.1051051051052,31.63163163163162
6840,0.4547237885957879,0.5896981584229483,62.65765765765766,1705.4054054054054,31.531531531531527
6850,0.5886534866690876,0.44537552402940106,62.712712712712715,1705.7057057057057,31.43143143143142
6860,0.584331408127039,0.6442404181048591,62.76776776776777,1706.006006006006,31.331331331331327
6870,0.4902581998438923,0.5717518111525727,62.82282282282282,1706.3063063063064,31.23123123123122
6880,0.476277552003711,0.6857081923128006,62.87787787787788,1706.6066066066066,31.131131131131127
6890,0.4387339514759528,0.68636602191915,62.932932932932935,1706.906906906907,31.03103103103102
6900,0.5447868846781753,0.6943735535255389,62.98798798798799,1707.2072072072071,30.930930930930927
6910,0.5057087792975952,0.6028642629245438,63.04304304304304,1707.5075075075074,30.83083083083082
6920,0.6104026047166362,0.79946417082658,63.0980980980981,1707.8078078078079,30.730730730730727
6930,0.37739542818923866,0.5658169825260143,63.153153153153156,1708.1081081081081,30.63063063063062
6940,0.40529208675251893,0.6090289280157373,63.20820820820821,1708.4084084084084,30.530530530530527
6950,0.39106630380875274,0.6512407706009995,63.26326326326326,1708.7087087087086,30.43043043043042
6960,0.4529833099052515,0.44763519486983083,63.31831831831832,1709.009009009009,30.330330330330327
6970,0.5401411622285233,0.42292055928158434,63.373373373373376,1709.3093093093094,30.23023023023022
6980,0.4517317628523861,0.6234698836189214,63.42842842842843,1709.6096096096096,30.130130130130127
6990,0.5824275416547309,0.5992890489239046,63.48348348348348,1709.9099099099099,30.03003003003002
7000,0.6418453204563872,0.5747097274691468,63.53853853853854,1710.2102102102103,29.929929929929926
7010,0.4838038840433172,0.6036975547256535,63.593593593593596,1710.5105105105106,29.82982982982982
7020,0.46985994365892697,0.5953228429428348,63.64864864864865,1710.8108108108108,29.729729729729726
7030,0.5885362146262503,0.6239472436007243,63.7037037037037,1711.111111111111,29.62962962962962
7040,0.42461077750518694,0.6193760505241016,63.75875875875876,1711.4114114114113,29.529529529529526
7050,0.4002883489187099,0.48096324945002916,63.813813813813816,1711.7117117117118,29.42942942942942
7060,0.4006417279854701,0.4841946868176255,63.86886886886887,1712.012012012012,29.329329329329326
7070,0.3923635027071807,0.5313538726491628,63.92392392392392,1712.3123123123123,29.22922922922922
7080,0.617763200449938,0.5538599375362057,63.97897897897898,1712.6126126126126,29.129129129129126
7090,0.45637623802888766,0.5148238643137029,64.03403403403404,1712.9129129129128,29.02902902902902
7100,0.4706642224457684,0.522276194547545,64.0890890890891,1713.2132132132133,28.928928928928926
7110,0.524429795885439,0.5467141468516976,64.14414414414415,1713.5135135135135,28.82882882882882
7120,0.334027708101717,0.5797273976790775,64.1991991991992,1713.8138138138138,28.728728728728726
7130,0.4081278464244341,0.5380275313618511,64.25425425425425,1714.114114114114,28.62862862862862
7140,0.44863976516719933,0.4551069552956642,64.30930930930931,1714.4144144144143,28.528528528528525
7150,0.5246919386583782,0.5453330030413099,64.36436436436436,1714.7147147147148,28.42842842842842
7160,0.5723749507295827,0.3653645264412369,64.41941941941943,1715.015015015015,28.328328328328325
7170,0.5934020755394345,0.5641520285079065,64.47447447447448,1715.3153153153153,28.228228228228218
7180,0.34161836874503737,0.7335359535408918,64.52952952952953,1715.6156156156155,28.128128128128125
7190,0.7307243026609702,0.43489499027160616,64.58458458458458,1715.915915915916,28.028028028028018
7200,0.4656375699477464,0.49997473587715763,64.63963963963964,1716.2162162162163,27.927927927927925
7210,0.36338568805254257,0.6345725646818471,64.6946946946947,1716.5165165165165,27.827827827827818
7220,0.5944592894238787,0.5932385626962278,64.74974974974975,1716.8168168168168,27.727727727727725
7230,0.6220705383166589,0.711000405770781,64.8048048048048,1717.1171171171172,27.627627627627618
7240,0.6510472392130953,0.7120254421929221,64.85985985985985,1717.4174174174175,27.527527527527525
7250,0.5390269249757238,0.6138952203096816,64.91491491491492,1717.7177177177177,27.427427427427418
7260,0.5915336240844361,0.7134919554516057,64.96996996996998,1718.018018018018,27.327327327327325
7270,0.48517049537922174,0.6650503823538585,65.02502502502503,1718.3183183183182,27.227227227227218
7280,0.4410490480696279,0.4823903665571412,65.08008008008008,1718.6186186186187,27.127127127127125
7290,0.3970241596596742,0.4150140836282581,65.13513513513513,1718.918918918919,27.027027027027017
7300,0.5209009221570527,0.6078259807747814,65.1901901901902,1719.2192192192192,26.926926926926924
7310,0.5056391134249641,0.6406537201716209,65.24524524524524,1719.5195195195195,26.826826826826817
7320,0.29617526525115256,0.4909670962736142,65.30030030030031,1719.8198198198197,26.726726726726724
7330,0.573039051186466,0.4929121608051831,65.35535535535536,1720.1201201201202,26.626626626626617
7340,0.5826069407030481,0.6158700515231714,65.4104104104104,1720.4204204204204,26.526526526526524
7350,0.5935991952752318,0.5355318866238379,65.46546546546546,1720.7207207207207,26.426426426426417
7360,0.3521382419049097,0.6147996271331037,65.52052052052052,1721.021021021021,26.326326326326324
7370,0.43587641657430987,0.5623176046841627,65.57557557557558,1721.3213213213214,26.226226226226217
7380,0.4066982057487431,0.5876190326945674,65.63063063063063,1721.6216216216217,26.126126126126124
7390,0.46903802494023084,0.5735458454017663,65.68568568568568,1721.921921921922,26.026026026026017
7400,0.6144575990098671,0.6485491992040129,65.74074074074073,1722.2222222222222,25.925925925925924
7410,0.4681579750257151,0.5328071021820696,65.7957957957958,1722.5225225225226,25.825825825825817
7420,0.5383690972031068,0.5962429482407771,65.85085085085086,1722.822822822823,25.725725725725724
7430,0.4975902783532297,0.6977962884174568,65.90590590590591,1723.1231231231232,25.625625625625617
7440,0.47958863970833604,0.6530485180776088,65.96096096096096,1723.4234234234234,25.525525525525524
7450,0.43479084853872263,0.5992141974309311,66.01601601601601,1723.7237237237237,25.425425425425416
7460,0.36942066592690337,0.7255065205680519,66.07107107107107,1724.0240240240241,25.325325325325323
7470,0.3579649590859295,0.7159473501067294,66.12612612612612,1724.3243243243244,25.225225225225216
7480,0.5983287806454409,0.45169740361380273,66.18118118118119,1724.6246246246246,25.125125125125123
7490,0.5726762915743548,0.6442474375310584,66.23623623623624,1724.9249249249249,25.025025025025016
7500,0.5142545396747614,0.663623111485625,66.29129129129129,1725.2252252252251,24.924924924924923
7510,0.5159326373218257,0.7043828898545397,66.34634634634634,1725.5255255255256,24.824824824824816
7520,0.41910073382062807,0.5962191238958424,66.4014014014014,1725.8258258258259,24.724724724724723
7530,0.25090120202864163,0.5405169060604522,66.45645645645646,1726.126126126126,24.624624624624616
7540,0.42143247168610465,0.6189931638736945,66.51151151151151,1726.4264264264264,24.524524524524523
7550,0.33743721982770647,0.7665818900206431,66.56656656656656,1726.7267267267266,24.424424424424416
7560,0.5486638435073393,0.5584866610963755,66.62162162162161,1727.027027027027,24.324324324324323
7570,0.43298657036813065,0.5298127348012276,66.67667667667668,1727.3273273273273,24.224224224224216
7580,0.5641556885531344,0.7212290446215228,66.73173173173174,1727.6276276276276,24.124124124124123
7590,0.4976243389325292,0.6329447727431073,66.78678678678679,1727.9279279279278,24.024024024024015
7600,0.4974136256693925,0.34634909124229274,66.84184184184184,1728.2282282282283,23.923923923923923
7610,0.6203033173717322,0.4793664513534546,66.89689689689689,1728.5285285285286,23.823823823823815
7620,0.5871943001599846,0.49464708944401936,66.95195195195195,1728.8288288288288,23.723723723723722
7630,0.616541037379058,0.6554969115793604,67.007007007007,1729.129129129129,23.623623623623615
7640,0.4111384981247591,0.442564576923674,67.06206206206207,1729.4294294294295,23.523523523523522
7650,0.30210967479284734,0.5531724076848787,67.11711711711712,1729.7297297297298,23.423423423423415
7660,0.43682889806536085,0.5807642931736108,67.17217217217217,1730.03003003003,23.323323323323322
7670,0.5102458938089159,0.5798721859919683,67.22722722722722,1730.3303303303303,23.223223223223215
7680,0.49336442049242263,0.6359794233244045,67.28228228228228,1730.6306306306305,23.123123123123122
7690,0.4120828111624557,0.6284543442103742,67.33733733733735,1730.930930930931,23.023023023023015
7700,0.27477679017612305,0.5907311136938028,67.3923923923924,1731.2312312312313,22.922922922922922
7710,0.40828961731183067,0.5364599094656515,67.44744744744744,1731.5315315315315,22.822822822822815
7720,0.3451618929148834,0.46698790667571005,67.5025025025025,1731.8318318318318,22.72272272272272
7730,0.6795556793441779,0.4916103150159093,67.55755755755756,1732.132132132132,22.622622622622615
7740,0.4953648302184858,0.6552176076767356,67.61261261261262,1732.4324324324325,22.52252252252252
7750,0.40849076296929643,0.6103401874768557,67.66766766766767,1732.7327327327328,22.422422422422414
7760,0.305788428017539,0.549445594282763,67.72272272272272,1733.033033033033,22.32232232232232
7770,0.5761862778782517,0.6312238471125444,67.77777777777777,1733.3333333333333,22.222222222222214
7780,0.3515033817740648,0.3920264805701993,67.83283283283284,1733.6336336336337,22.12212212212212
7790,0.4115045828642195,0.5847214490810869,67.8878878878879,1733.933933933934,22.022022022022014
7800,0.39655263153229586,0.6600682492469838,67.94294294294295,1734.2342342342342,21.92192192192192
7810,0.6578612023559598,0.5883439285098965,67.997997997998,1734.5345345345345,21.821821821821814
7820,0.4570257616939776,0.5549612456712066,68.05305305305305,1734.834834834835,21.72172172172172
7830,0.596849537692392,0.7313069549256636,68.10810810810811,1735.1351351351352,21.621621621621614
7840,0.5190628951536983,0.4396331829726445,68.16316316316316,1735.4354354354355,21.52152152152152
7850,0.5325401587620098,0.5678682936344784,68.21821821821823,1735.7357357357357,21.421421421421414
7860,0.5031623204581107,0.5691101936970002,68.27327327327328,1736.036036036036,21.32132132132132
7870,0.5417327325552878,0.5809195478239682,68.32832832832833,1736.3363363363364,21.221221221221214
7880,0.34017429477659156,0.5235756816339643,68.38338338338338,1736.6366366366367,21.12112112112112
7890,0.6161123820916955,0.7708702998995567,68.43843843843844,1736.936936936937,21.021021021021014
7900,0.5107800246696429,0.7994440267090818,68.4934934934935,1737.2372372372372,20.92092092092092
7910,0.33865417579736856,0.877576075989223,68.54854854854855,1737.5375375375374,20.820820820820813
7920,0.5073882064386884,0.5466087088717452,68.6036036036036,1737.837837837838,20.72072072072072
7930,0.6842512560206373,0.6066022477485463,68.65865865865865,1738.1381381381382,20.620620620620613
7940,0.47619676826649054,0.5451649723685373,68.71371371371372,1738.4384384384384,20.52052052052052
7950,0.5613649454642982,0.5028261510976577,68.76876876876878,1738.7387387387387,20.420420420420413
7960,0.4339213807049746,0.6242467064835412,68.82382382382383,1739.039039039039,20.32032032032032
7970,0.303336659841406,0.6591015350928152,68.87887887887888,1739.3393393393394,20.220220220220213
7980,0.3591470647820246,0.47412916173339426,68.93393393393393,1739.6396396396397,20.12012012012012
7990,0.4258181431353246,0.6245767774204387,68.988988988989,1739.93993993994,20.020020020020013
8000,0.6002148337262982,0.6413040561223052,69.04404404404404,1740.2402402402402,19.91991991991992
8010,0.408037852906718,0.5339866673153363,69.0990990990991,1740.5405405405406,19.819819819819813
8020,0.3455842348753826,0.5157849812110333,69.15415415415416,1740.8408408408409,19.71971971971972
8030,0.3320087609622944,0.7052603175518843,69.2092092092092,1741.1411411411411,19.619619619619613
8040,0.38265928377164293,0.5527810141122731,69.26426426426426,1741.4414414414414,19.51951951951952
8050,0.5727499151495077,0.492387695396054,69.31931931931932,1741.7417417417419,19.419419419419413
8060,0.37159564760048175,0.7939891867506502,69.37437437437438,1742.042042042042,19.31931931931932
8070,0.33652767285048907,0.552980480300113,69.42942942942943,1742.3423423423424,19.219219219219212
8080,0.5051432824007951,0.6444255833028062,69.48448448448448,1742.6426426426426,19.11911911911912
8090,0.3742527135391809,0.5163748231101553,69.53953953953953,1742.9429429429429,19.019019019019012
8100,0.5069749673609957,0.5472875474701743,69.5945945945946,1743.2432432432433,18.91891891891892
8110,0.6099917224193245,0.5624412902314326,69.64964964964966,1743.5435435435436,18.818818818818812
8120,0.49449922067473023,0.7377075659536227,69.70470470470471,1743.8438438438438,18.71871871871872
8130,0.6362167660791,0.535817203276104,69.75975975975976,1744.144144144144,18.618618618618612
8140,0.5752660861809171,0.6188596295196838,69.81481481481481,1744.4444444444443,18.51851851851852
8150,0.5055280196555987,0.6488894400624381,69.86986986986987,1744.7447447447448,18.418418418418412
8160,0.502554214152445,0.6996663390061406,69.92492492492492,1745.045045045045,18.31831831831832
8170,0.6187827755317977,0.5635113433280364,69.97997997997999,1745.3453453453453,18.21821821821821
8180,0.38264667984685874,0.5934989623138608,70.03503503503504,1745.6456456456456,18.11811811811812
8190,0.37980279929865735,0.5528331158526648,70.09009009009009,1745.9459459459458,18.01801801801801
8200,0.4834272584317332,0.5920885853560806,70.14514514514514,1746.2462462462463,17.91791791791792
8210,0.6136472773831749,0.444151158025517,70.2002002002002,1746.5465465465466,17.81781781781781
8220,0.6842310290687479,0.5723869109872333,70.25525525525526,1746.8468468468468,17.71771771771772
8230,0.4730660893514512,0.5435285737389871,70.31031031031031,1747.147147147147,17.61761761761761
8240,0.6817989605131494,0.598372717647415,70.36536536536536,1747.4474474474475,17.51751751751752
8250,0.3933003704679466,0.5445052847120783,70.42042042042041,1747.7477477477478,17.41741741741741
8260,0.5485362025801793,0.5116508775574027,70.47547547547548,1748.048048048048,17.31731731731732
8270,0.41844969657164655,0.584718172279201,70.53053053053054,1748.3483483483483,17.21721721721721
8280,0.3615589570663293,0.6480944655814739,70.58558558558559,1748.6486486486488,17.117117117117118
8290,0.4735960605355999,0.49249660380867416,70.64064064064064,1748.948948948949,17.01701701701701
8300,0.4064465284857416,0.6366927140237844,70.69569569569569,1749.2492492492493,16.916916916916918
8310,0.5639259028799137,0.7845633304126278,70.75075075075075,1749.5495495495495,16.81681681681681
8320,0.5375074232618071,0.550472265475115,70.8058058058058,1749.8498498498498,16.716716716716718
8330,0.493699091183961,0.5015299182280335,70.86086086086087,1750.1501501501502,16.61661661661661
8340,0.30871012292698086,0.5346008906825135,70.91591591591592,1750.4504504504505,16.516516516516518
8350,0.41443562042713444,0.7082204263814288,70.97097097097097,1750.7507507507507,16.41641641641641
8360,0.502749466303629,0.7383442926524022,71.02602602602602,1751.051051051051,16.316316316316318
8370,0.4791525899984097,0.6538378773792872,71.08108108108108,1751.3513513513512,16.21621621621621
8380,0.5632471390242059,0.6238092995246265,71.13613613613614,1751.6516516516517,16.116116116116117
8390,0.6335058096023325,0.5642593502745774,71.1911911911912,1751.951951951952,16.01601601601601
8400,0.4058184076548992,0.8409047467604814,71.24624624624624,1752.2522522522522,15.915915915915917
8410,0.6306940471356083,0.848947452160326,71.3013013013013,1752.5525525525525,15.81581581581581
8420,0.4157441382141065,0.6509834965439922,71.35635635635636,1752.852852852853,15.715715715715717
8430,0.5155040615135972,0.7126483357895876,71.41141141141142,1753.1531531531532,15.61561561561561
8440,0.5597707077530967,0.5924312883738535,71.46646646646647,1753.4534534534534,15.515515515515517
8450,0.46262260275554723,0.5880611602535689,71.52152152152152,1753.7537537537537,15.41541541541541
8460,0.3549890257418834,0.5460133989351412,71.57657657657657,1754.0540540540542,15.315315315315317
8470,0.38914615810838665,0.5884598388937915,71.63163163163163,1754.3543543543544,15.21521521521521
8480,0.579904434749464,0.7405345541084702,71.68668668668668,1754.6546546546547,15.115115115115117
8490,0.5439792438632652,0.5430559878208309,71.74174174174175,1754.954954954955,15.01501501501501
8500,0.4458177482981188,0.6378236810143857,71.7967967967968,1755.2552552552552,14.914914914914917
8510,0.5251541555515462,0.4854797204429101,71.85185185185185,1755.5555555555557,14.81481481481481
8520,0.48774513796534974,0.837280559524506,71.9069069069069,1755.855855855856,14.714714714714717
8530,0.36113908387723476,0.5269289249030843,71.96196196196196,1756.1561561561562,14.61461461461461
8540,0.6348493447779616,0.5850560050882843,72.01701701701703,1756.4564564564564,14.514514514514502
8550,0.4607130099852059,0.574368570943628,72.07207207207207,1756.7567567567567,14.41441441441441
8560,0.7307636161207935,0.6786573711438061,72.12712712712712,1757.0570570570571,14.314314314314302
8570,0.39097949252917347,0.6065993391032689,72.18218218218217,1757.3573573573574,14.21421421421421
8580,0.5223542005188851,0.6233792779330616,72.23723723723724,1757.6576576576576,14.114114114114102
8590,0.41348036701831575,0.45956078999897687,72.2922922922923,1757.957957957958,14.014014014014009
8600,0.5714993496423645,0.6806063270843049,72.34734734734735,1758.2582582582581,13.913913913913902
8610,0.37726098855493717,0.5962828744446254,72.4024024024024,1758.5585585585586,13.813813813813809
8620,0.4637057577535588,0.5673610418939269,72.45745745745745,1758.8588588588589,13.713713713713702
8630,0.5678244981882596,0.6292162048814218,72.51251251251252,1759.1591591591591,13.613613613613609
8640,0.4065011625749926,0.5980142441831264,72.56756756756758,1759.4594594594596,13.513513513513502
8650,0.42358661536983694,0.6807170745331721,72.62262262262263,1759.7597597597598,13.413413413413409
8660,0.579590235835014,0.5876018829657578,72.67767767767768,1760.06006006006,13.313313313313301
8670,0.3635469289335179,0.535919781745682,72.73273273273273,1760.3603603603603,13.213213213213209
8680,0.34936270357853394,0.4717727334516737,72.78778778778779,1760.6606606606606,13.113113113113101
8690,0.6303492180533055,0.5345333906966184,72.84284284284284,1760.960960960961,13.013013013013008
8700,0.41109129565215413,0.5950865512057225,72.8978978978979,1761.2612612612613,12.912912912912901
8710,0.5314652278249073,0.589755144567225,72.95295295295296,1761.5615615615616,12.812812812812808
8720,0.3658425673793827,0.65777662095252,73.008008008008,1761.8618618618618,12.712712712712701
8730,0.5632083101922903,0.5612959930602868,73.06306306306305,1762.162162162162,12.612612612612608
8740,0.5404994590903962,0.5461102756942967,73.11811811811812,1762.4624624624626,12.512512512512501
8750,0.6360796635261404,0.585093320031347,73.17317317317318,1762.7627627627628,12.412412412412408
8760,0.495954632819681,0.4513314595058787,73.22822822822823,1763.063063063063,12.3123123123123
8770,0.4587482458643055,0.5967523082602115,73.28328328328328,1763.3633633633633,12.212212212212208
8780,0.49957910045538406,0.8267489276252654,73.33833833833833,1763.6636636636636,12.1121121121121
8790,0.6505795073454049,0.5074877047156723,73.3933933933934,1763.963963963964,12.012012012012008
8800,0.4956020578742445,0.4691415595381909,73.44844844844846,1764.2642642642643,11.9119119119119
8810,0.6102582206020915,0.7786282950089544,73.50350350350351,1764.5645645645645,11.811811811811808
8820,0.3839374477691864,0.5514878207806079,73.55855855855856,1764.8648648648648,11.7117117117117
8830,0.5948525196161755,0.5715941314102944,73.61361361361361,1765.165165165165,11.611611611611607
8840,0.45516594152979084,0.4654782339520994,73.66866866866867,1765.4654654654655,11.5115115115115
8850,0.6061240541405213,0.7502156365832653,73.72372372372372,1765.7657657657658,11.411411411411407
8860,0.4405279747467334,0.42374074493826247,73.77877877877879,1766.066066066066,11.3113113113113
8870,0.3870329152189949,0.4587384545322871,73.83383383383384,1766.3663663663665,11.211211211211207
8880,0.3569745564742866,0.46147168017766726,73.88888888888889,1766.6666666666667,11.1111111111111
8890,0.41205850731736376,0.6502370196349081,73.94394394394394,1766.966966966967,11.011011011011007
8900,0.45003477225568894,0.47361600901194767,73.998998998999,1767.2672672672672,10.9109109109109
8910,0.5589258684502627,0.6769216651331492,74.05405405405406,1767.5675675675675,10.810810810810807
8920,0.5720420749015785,0.6974442259317812,74.10910910910911,1767.867867867868,10.7107107107107
8930,0.60730877385488,0.5383407416174341,74.16416416416416,1768.1681681681682,10.610610610610607
8940,0.6195227034012997,0.561843445490831,74.21921921921921,1768.4684684684685,10.5105105105105
8950,0.4940045627787668,0.5545538867442854,74.27427427427428,1768.7687687687687,10.410410410410407
8960,0.499155186398339,0.5222248652225208,74.32932932932934,1769.069069069069,10.3103103103103
8970,0.4934961731036509,0.6570030326576464,74.38438438438439,1769.3693693693695,10.210210210210207
8980,0.3558406712930291,0.6366426243068538,74.43943943943944,1769.6696696696697,10.1101101101101
8990,0.4597938713132989,0.6803150480014913,74.49449449449449,1769.96996996997,10.010010010010006
9000,0.4726398479336898,0.5441590479756773,74.54954954954955,1770.2702702702702,9.9099099099099
9010,0.43043798019806306,0.7394388722300437,74.6046046046046,1770.5705705705705,9.809809809809806
9020,0.571563303030549,0.5311889379205582,74.65965965965967,1770.870870870871,9.7097097097097
9030,0.3886610336710811,0.6600220094669086,74.71471471471472,1771.1711711711712,9.609609609609606
9040,0.5406778252348939,0.621490199305088,74.76976976976977,1771.4714714714714,9.509509509509499
9050,0.40820798596660124,0.5239377693301642,74.82482482482482,1771.771771771772,9.409409409409406
9060,0.43984983706358555,0.5175744851287482,74.87987987987988,1772.0720720720722,9.309309309309299
9070,0.43377631717163223,0.6661293082838815,74.93493493493494,1772.3723723723724,9.209209209209206
9080,0.39087712099722116,0.584416452860589,74.98998998999,1772.6726726726727,9.109109109109099
9090,0.6813892691131667,0.7392439309081803,75.04504504504504,1772.972972972973,9.009009009009006
9100,0.48879180674992245,0.7211661776561593,75.1001001001001,1773.2732732732734,8.908908908908899
9110,0.40570951082059287,0.480132841834389,75.15515515515516,1773.5735735735736,8.808808808808806
9120,0.4201658926049148,0.7371810809946315,75.21021021021022,1773.873873873874,8.708708708708699
9130,0.4996762547744723,0.5082226250193592,75.26526526526527,1774.1741741741741,8.608608608608606
9140,0.4533451307060441,0.5301484103834541,75.32032032032032,1774.4744744744744,8.508508508508498
9150,0.44494597941720376,0.7869908133291391,75.37537537537537,1774.7747747747749,8.408408408408405
9160,0.6017182701443939,0.6781295658261216,75.43043043043043,1775.0750750750751,8.308308308308298
9170,0.5460277769961055,0.6854481699729293,75.48548548548548,1775.3753753753754,8.208208208208205
9180,0.4808387796480202,0.6669637869294438,75.54054054054055,1775.6756756756756,8.108108108108098
9190,0.3452307281400646,0.8372200368424297,75.5955955955956,1775.9759759759759,8.008008008008005
9200,0.4050236241548877,0.41197012147900597,75.65065065065065,1776.2762762762763,7.907907907907898
9210,0.6511119080799042,0.45721694630428966,75.7057057057057,1776.5765765765766,7.807807807807805
9220,0.38507378611818766,0.5852502902591573,75.76076076076076,1776.8768768768768,7.707707707707698
9230,0.7172244107610081,0.571107227062734,75.81581581581582,1777.177177177177,7.607607607607605
9240,0.6331118681091678,0.5627534254154094,75.87087087087087,1777.4774774774774,7.507507507507498
9250,0.5377349428083875,0.7833036866835185,75.92592592592592,1777.7777777777778,7.407407407407405
9260,0.5635118637108353,0.5626972403995295,75.98098098098097,1778.078078078078,7.307307307307298
9270,0.5461008927312385,0.7663885389662323,76.03603603603604,1778.3783783783783,7.207207207207205
9280,0.5372948180104431,0.5006644142766513,76.0910910910911,1778.6786786786788,7.1071071071070975
9290,0.3371160702777648,0.6369657347218708,76.14614614614615,1778.978978978979,7.0070070070070045
9300,0.4861958923012026,0.5572393829446348,76.2012012012012,1779.2792792792793,6.906906906906897
9310,0.43242326306857887,0.546975797392424,76.25625625625625,1779.5795795795796,6.806806806806804
9320,0.6003441293548597,0.6494816699141632,76.31131131131131,1779.8798798798798,6.706706706706697
9330,0.5342422609870184,0.7312212623454105,76.36636636636636,1780.1801801801803,6.606606606606604
9340,0.43977273787966104,0.35052371831245477,76.42142142142143,1780.4804804804805,6.506506506506497
9350,0.43355543644957373,0.6249093776522333,76.47647647647648,1780.7807807807808,6.406406406406404
9360,0.4463286189586412,0.7144992366789366,76.53153153153153,1781.081081081081,6.306306306306297
9370,0.37043449300075004,0.48266418002008044,76.58658658658658,1781.3813813813813,6.206206206206204
9380,0.4168862000764946,0.5886831321115392,76.64164164164164,1781.6816816816818,6.106106106106097
9390,0.4799589206653321,0.7231198993101888,76.6966966966967,1781.981981981982,6.006006006006004
9400,0.3734007385411466,0.4824337451183365,76.75175175175175,1782.2822822822823,5.905905905905897
9410,0.3713118572610793,0.6399236063614223,76.8068068068068,1782.5825825825825,5.805805805805804
9420,0.5288450749883111,0.5766593540037502,76.86186186186185,1782.8828828828828,5.705705705705697
9430,0.3345033607558786,0.4769241477503513,76.91691691691692,1783.1831831831832,5.605605605605604
9440,0.48628597079838737,0.6549445860549561,76.97197197197198,1783.4834834834835,5.5055055055054964
9450,0.4664185109574481,0.526334525235138,77.02702702702703,1783.7837837837837,5.4054054054054035
9460,0.3526778342392547,0.29110415977023235,77.08208208208208,1784.0840840840842,5.305305305305296
9470,0.5850987653637041,0.6020461672339514,77.13713713713713,1784.3843843843842,5.205205205205203
9480,0.540536789058949,0.7599063786975143,77.1921921921922,1784.6846846846847,5.105105105105096
9490,0.542412725777731,0.5055925284317914,77.24724724724726,1784.984984984985,5.005005005005003
9500,0.49231507305660965,0.6550507136380815,77.30230230230231,1785.2852852852852,4.904904904904896
9510,0.4894848478884748,0.38667967878447984,77.35735735735736,1785.5855855855857,4.804804804804803
9520,0.5554501054667487,0.6076144854875097,77.41241241241241,1785.885885885886,4.704704704704696
9530,0.5565910840186282,0.5919612215612882,77.46746746746747,1786.1861861861862,4.604604604604603
9540,0.3777079988635123,0.5986374690405125,77.52252252252252,1786.4864864864865,4.504504504504496
9550,0.5888984200441232,0.6598906328997927,77.57757757757759,1786.7867867867867,4.404404404404403
9560,0.5439149143493485,0.4157770472771416,77.63263263263264,1787.0870870870872,4.304304304304296
9570,0.4447246416782462,0.4618519264483295,77.68768768768768,1787.3873873873874,4.204204204204203
9580,0.44970973624822647,0.6672483625017044,77.74274274274273,1787.6876876876877,4.1041041041040955
9590,0.28525354116975987,0.48854480180630866,77.7977977977978,1787.987987987988,4.004004004004003
9600,0.3528818177471694,0.6962640670554792,77.85285285285286,1788.2882882882882,3.9039039039038954
9610,0.5254719858932911,0.6826043097605407,77.90790790790791,1788.5885885885887,3.8038038038038025
9620,0.21461915256937508,0.630903392480223,77.96296296296296,1788.888888888889,3.7037037037036953
9630,0.5807942563512988,0.7345785868726782,78.01801801801801,1789.1891891891892,3.6036036036036023
9640,0.698646540302392,0.5728097872037164,78.07307307307308,1789.4894894894894,3.503503503503495
9650,0.3162745823868274,0.7697399508334923,78.12812812812814,1789.7897897897897,3.403403403403402
9660,0.3935586565893491,0.41306721230012644,78.18318318318319,1790.0900900900901,3.303303303303295
9670,0.35220395762602563,0.6534459387751855,78.23823823823824,1790.3903903903904,3.203203203203202
9680,0.5417526039573934,0.41360653539437786,78.29329329329329,1790.6906906906906,3.103103103103095
9690,0.46974155274395574,0.8054144512455461,78.34834834834835,1790.9909909909911,3.003003003003002
9700,0.5153907819229638,0.6957340880791102,78.4034034034034,1791.2912912912914,2.9029029029028948
9710,0.5398982929978088,0.6607910264743716,78.45845845845847,1791.5915915915916,2.802802802802802
9720,0.5780163605477886,0.6743794101560857,78.51351351351352,1791.8918918918919,2.7027027027026946
9730,0.6012624468124873,0.5727459429151637,78.56856856856857,1792.1921921921921,2.6026026026026017
9740,0.33482504149592635,0.7435471854067774,78.62362362362362,1792.4924924924926,2.5025025025024945
9750,0.5087126924841464,0.5517550145205248,78.67867867867868,1792.7927927927929,2.4024024024024015
9760,0.32474059812186357,0.6000747061913084,78.73373373373374,1793.093093093093,2.3023023023022944
9770,0.40386664024389757,0.5317624766150633,78.78878878878879,1793.3933933933934,2.2022022022022014
9780,0.6177635950273687,0.6748777106235643,78.84384384384384,1793.6936936936936,2.1021021021020942
9790,0.5239590536815335,0.7226869057119896,78.89889889889889,1793.993993993994,2.0020020020020013
9800,0.542266011980303,0.7181856791402685,78.95395395395396,1794.2942942942943,1.9019019019018941
9810,0.5536753405644601,0.5534947506450352,79.00900900900902,1794.5945945945946,1.8018018018018012
9820,0.5212182317064177,0.4941664378558489,79.06406406406407,1794.8948948948948,1.701701701701694
9830,0.3998928654183739,0.6275304182058767,79.11911911911912,1795.195195195195,1.601601601601601
9840,0.3905123661916966,0.5600160649443234,79.17417417417417,1795.4954954954956,1.5015015015014939
9850,0.6588854798121613,0.6433821241294314,79.22922922922923,1795.7957957957958,1.401401401401401
9860,0.3275420797131571,0.4688009407420971,79.28428428428428,1796.096096096096,1.3013013013012937
9870,0.4627862509630416,0.632970148240854,79.33933933933935,1796.3963963963965,1.2012012012012008
9880,0.5817752900783425,0.45647747260336147,79.3943943943944,1796.6966966966966,1.1011011011010936
9890,0.5890829719564913,0.35009958532339247,79.44944944944945,1796.996996996997,1.0010010010010006
9900,0.5659163786876648,0.7010631063054935,79.5045045045045,1797.2972972972973,0.9009009009008935
9910,0.5837583016929985,0.6271728653028714,79.55955955955956,1797.5975975975975,0.8008008008008005
9920,0.5057212854839106,0.667773364616984,79.61461461461462,1797.897897897898,0.7007007007006933
9930,0.3067594163317309,0.6553760678406525,79.66966966966967,1798.1981981981983,0.6006006006006004
9940,0.5190396376955076,0.584138848364603,79.72472472472472,1798.4984984984985,0.5005005005004932
9950,0.43543786751052493,0.5810297980530011,79.77977977977977,1798.7987987987988,0.40040040040040026
9960,0.5523992347359615,0.6506214941805197,79.83483483483484,1799.099099099099,0.3003003003002931
9970,0.672375000908563,0.5362431992979998,79.8898898898899,1799.3993993993995,0.20020020020020013
9980,0.6519228632069344,0.6998792659594893,79.94494494494495,1799.6996996996997,0.10010010010009296
9990,0.5950808100503499,0.7962896793211565,80.0,1800.0,0.0
